{"__type":"$$EventMessageAudit","id":"0f5579ef-a218-46fe-a7e2-1f14e69e18c5","ts":"2026-05-02T19:21:05.742-04:00","eventName":"n8n.audit.workflow.executed","message":"n8n.audit.workflow.executed","payload":{"workflowId":"kdCI557yNTF9PWmb","workflowName":"My workflow 2","executionId":"6","source":"webhook"}}
{"__type":"$$EventMessageConfirm","confirm":"0f5579ef-a218-46fe-a7e2-1f14e69e18c5","ts":"2026-05-02T19:21:05.742-04:00","source":{"id":"0","name":"eventBus"}}
{"__type":"$$EventMessageWorkflow","id":"192dedbf-fe5b-4cdc-bbb5-a96e7a14098e","ts":"2026-05-02T19:21:05.743-04:00","eventName":"n8n.workflow.started","message":"n8n.workflow.started","payload":{"executionId":"6","workflowId":"kdCI557yNTF9PWmb","isManual":false,"mode":"webhook","workflowName":"My workflow 2"}}
{"__type":"$$EventMessageConfirm","confirm":"192dedbf-fe5b-4cdc-bbb5-a96e7a14098e","ts":"2026-05-02T19:21:05.743-04:00","source":{"id":"0","name":"eventBus"}}
{"__type":"$$EventMessageNode","id":"62bdde9f-2501-4492-bc2e-743c0e3f76aa","ts":"2026-05-02T19:21:05.743-04:00","eventName":"n8n.node.started","message":"n8n.node.started","payload":{"workflowId":"kdCI557yNTF9PWmb","workflowName":"My workflow 2","executionId":"6","nodeType":"n8n-nodes-base.webhook","nodeName":"Webhook","nodeId":"49740000-3967-4997-b7dc-cae20e405b1d"}}
{"__type":"$$EventMessageConfirm","confirm":"62bdde9f-2501-4492-bc2e-743c0e3f76aa","ts":"2026-05-02T19:21:05.743-04:00","source":{"id":"0","name":"eventBus"}}
{"__type":"$$EventMessageNode","id":"9b539fcd-43b0-49c8-9636-e1601382644b","ts":"2026-05-02T19:21:05.744-04:00","eventName":"n8n.node.finished","message":"n8n.node.finished","payload":{"workflowId":"kdCI557yNTF9PWmb","workflowName":"My workflow 2","executionId":"6","nodeType":"n8n-nodes-base.webhook","nodeName":"Webhook","nodeId":"49740000-3967-4997-b7dc-cae20e405b1d"}}
{"__type":"$$EventMessageConfirm","confirm":"9b539fcd-43b0-49c8-9636-e1601382644b","ts":"2026-05-02T19:21:05.745-04:00","source":{"id":"0","name":"eventBus"}}
{"__type":"$$EventMessageNode","id":"f48e2bd8-149d-4713-8e56-e60d9fea2d1d","ts":"2026-05-02T19:21:05.745-04:00","eventName":"n8n.node.started","message":"n8n.node.started","payload":{"workflowId":"kdCI557yNTF9PWmb","workflowName":"My workflow 2","executionId":"6","nodeType":"n8n-nodes-base.httpRequest","nodeName":"HTTP Request","nodeId":"87ecbc8b-184d-4d84-9444-8ab700ad43cd"}}
{"__type":"$$EventMessageConfirm","confirm":"f48e2bd8-149d-4713-8e56-e60d9fea2d1d","ts":"2026-05-02T19:21:05.745-04:00","source":{"id":"0","name":"eventBus"}}
{"__type":"$$EventMessageNode","id":"7a6f14ef-73bf-48c9-aa81-9365df561604","ts":"2026-05-02T19:21:06.695-04:00","eventName":"n8n.node.finished","message":"n8n.node.finished","payload":{"workflowId":"kdCI557yNTF9PWmb","workflowName":"My workflow 2","executionId":"6","nodeType":"n8n-nodes-base.httpRequest","nodeName":"HTTP Request","nodeId":"87ecbc8b-184d-4d84-9444-8ab700ad43cd"}}
{"__type":"$$EventMessageConfirm","confirm":"7a6f14ef-73bf-48c9-aa81-9365df561604","ts":"2026-05-02T19:21:06.695-04:00","source":{"id":"0","name":"eventBus"}}
{"__type":"$$EventMessageNode","id":"3f3c2b26-6d3d-47cb-a1a3-029c244eceeb","ts":"2026-05-02T19:21:06.695-04:00","eventName":"n8n.node.started","message":"n8n.node.started","payload":{"workflowId":"kdCI557yNTF9PWmb","workflowName":"My workflow 2","executionId":"6","nodeType":"n8n-nodes-base.gmail","nodeName":"Send a message","nodeId":"1f7c3933-e75c-4d4f-987a-fc14f608111b"}}
{"__type":"$$EventMessageConfirm","confirm":"3f3c2b26-6d3d-47cb-a1a3-029c244eceeb","ts":"2026-05-02T19:21:06.695-04:00","source":{"id":"0","name":"eventBus"}}
{"__type":"$$EventMessageNode","id":"b04792c4-1576-4e8e-a0cf-7829c89cb784","ts":"2026-05-02T19:21:07.332-04:00","eventName":"n8n.node.finished","message":"n8n.node.finished","payload":{"workflowId":"kdCI557yNTF9PWmb","workflowName":"My workflow 2","executionId":"6","nodeType":"n8n-nodes-base.gmail","nodeName":"Send a message","nodeId":"1f7c3933-e75c-4d4f-987a-fc14f608111b"}}
{"__type":"$$EventMessageConfirm","confirm":"b04792c4-1576-4e8e-a0cf-7829c89cb784","ts":"2026-05-02T19:21:07.332-04:00","source":{"id":"0","name":"eventBus"}}
{"__type":"$$EventMessageNode","id":"c0bd710a-f1be-4cea-8d4a-fb403bbe6e8b","ts":"2026-05-02T19:21:07.333-04:00","eventName":"n8n.node.started","message":"n8n.node.started","payload":{"workflowId":"kdCI557yNTF9PWmb","workflowName":"My workflow 2","executionId":"6","nodeType":"n8n-nodes-base.respondToWebhook","nodeName":"Respond to Webhook","nodeId":"0fd55e9c-da0c-4e6d-9712-17f071cfb0b8"}}
{"__type":"$$EventMessageConfirm","confirm":"c0bd710a-f1be-4cea-8d4a-fb403bbe6e8b","ts":"2026-05-02T19:21:07.333-04:00","source":{"id":"0","name":"eventBus"}}
{"__type":"$$EventMessageNode","id":"421a558b-fbce-4176-b7fa-9775857d0bc7","ts":"2026-05-02T19:21:07.349-04:00","eventName":"n8n.node.finished","message":"n8n.node.finished","payload":{"workflowId":"kdCI557yNTF9PWmb","workflowName":"My workflow 2","executionId":"6","nodeType":"n8n-nodes-base.respondToWebhook","nodeName":"Respond to Webhook","nodeId":"0fd55e9c-da0c-4e6d-9712-17f071cfb0b8"}}
{"__type":"$$EventMessageConfirm","confirm":"421a558b-fbce-4176-b7fa-9775857d0bc7","ts":"2026-05-02T19:21:07.349-04:00","source":{"id":"0","name":"eventBus"}}
{"__type":"$$EventMessageWorkflow","id":"01d88c83-f660-46e6-8af8-a3e6c80026a7","ts":"2026-05-02T19:21:07.352-04:00","eventName":"n8n.workflow.success","message":"n8n.workflow.success","payload":{"executionId":"6","success":true,"isManual":false,"mode":"webhook","workflowId":"kdCI557yNTF9PWmb","workflowName":"My workflow 2"}}
{"__type":"$$EventMessageConfirm","confirm":"01d88c83-f660-46e6-8af8-a3e6c80026a7","ts":"2026-05-02T19:21:07.352-04:00","source":{"id":"0","name":"eventBus"}}
{"__type":"$$EventMessageAudit","id":"44e94e19-f636-4e98-ae06-6f7ac9175d1f","ts":"2026-05-02T19:21:39.291-04:00","eventName":"n8n.audit.workflow.updated","message":"n8n.audit.workflow.updated","payload":{"userId":"8759ff25-d76b-4b0e-93b3-3d9d283d6775","_email":"benluong1802@gmail.com","_firstName":"Ben","_lastName":"Luong","globalRole":"global:owner","workflowId":"kdCI557yNTF9PWmb","workflowName":"My workflow 2"}}
{"__type":"$$EventMessageConfirm","confirm":"44e94e19-f636-4e98-ae06-6f7ac9175d1f","ts":"2026-05-02T19:21:39.291-04:00","source":{"id":"0","name":"eventBus"}}
{"__type":"$$EventMessageAudit","id":"14d57b63-d0c4-4b7c-9ba2-a62ed6f97f14","ts":"2026-05-02T19:21:46.451-04:00","eventName":"n8n.audit.workflow.updated","message":"n8n.audit.workflow.updated","payload":{"userId":"8759ff25-d76b-4b0e-93b3-3d9d283d6775","_email":"benluong1802@gmail.com","_firstName":"Ben","_lastName":"Luong","globalRole":"global:owner","workflowId":"kdCI557yNTF9PWmb","workflowName":"My workflow 2"}}
{"__type":"$$EventMessageConfirm","confirm":"14d57b63-d0c4-4b7c-9ba2-a62ed6f97f14","ts":"2026-05-02T19:21:46.451-04:00","source":{"id":"0","name":"eventBus"}}
{"__type":"$$EventMessageAudit","id":"c09ca8bf-6146-4af7-8867-2b059a2504ce","ts":"2026-05-02T19:21:48.606-04:00","eventName":"n8n.audit.workflow.updated","message":"n8n.audit.workflow.updated","payload":{"userId":"8759ff25-d76b-4b0e-93b3-3d9d283d6775","_email":"benluong1802@gmail.com","_firstName":"Ben","_lastName":"Luong","globalRole":"global:owner","workflowId":"kdCI557yNTF9PWmb","workflowName":"My workflow 2"}}
{"__type":"$$EventMessageConfirm","confirm":"c09ca8bf-6146-4af7-8867-2b059a2504ce","ts":"2026-05-02T19:21:48.606-04:00","source":{"id":"0","name":"eventBus"}}
{"__type":"$$EventMessageWorkflow","id":"dfc0c8a8-5341-4cad-b278-2442325b7b2c","ts":"2026-05-02T19:23:37.533-04:00","eventName":"n8n.workflow.started","message":"n8n.workflow.started","payload":{"executionId":"7","workflowId":"WH2GL8ExBSOWYzMP","isManual":false,"mode":"trigger","workflowName":"My workflow"}}
{"__type":"$$EventMessageConfirm","confirm":"dfc0c8a8-5341-4cad-b278-2442325b7b2c","ts":"2026-05-02T19:23:37.534-04:00","source":{"id":"0","name":"eventBus"}}
{"__type":"$$EventMessageNode","id":"baa7529c-a2c0-42ed-b2c7-4b0162b3977a","ts":"2026-05-02T19:23:37.535-04:00","eventName":"n8n.node.started","message":"n8n.node.started","payload":{"workflowId":"WH2GL8ExBSOWYzMP","workflowName":"My workflow","executionId":"7","nodeType":"n8n-nodes-base.googleDriveTrigger","nodeName":"Google Drive Trigger","nodeId":"12f3c977-afcb-4569-86bf-9990305aaf7b"}}
{"__type":"$$EventMessageConfirm","confirm":"baa7529c-a2c0-42ed-b2c7-4b0162b3977a","ts":"2026-05-02T19:23:37.536-04:00","source":{"id":"0","name":"eventBus"}}
{"__type":"$$EventMessageNode","id":"faaa9b70-9c61-4aae-96ff-d345eae8f2a8","ts":"2026-05-02T19:23:37.539-04:00","eventName":"n8n.node.finished","message":"n8n.node.finished","payload":{"workflowId":"WH2GL8ExBSOWYzMP","workflowName":"My workflow","executionId":"7","nodeType":"n8n-nodes-base.googleDriveTrigger","nodeName":"Google Drive Trigger","nodeId":"12f3c977-afcb-4569-86bf-9990305aaf7b"}}
{"__type":"$$EventMessageConfirm","confirm":"faaa9b70-9c61-4aae-96ff-d345eae8f2a8","ts":"2026-05-02T19:23:37.540-04:00","source":{"id":"0","name":"eventBus"}}
{"__type":"$$EventMessageNode","id":"e600b87f-680d-4414-bd5d-dde9a6fa64c7","ts":"2026-05-02T19:23:37.541-04:00","eventName":"n8n.node.started","message":"n8n.node.started","payload":{"workflowId":"WH2GL8ExBSOWYzMP","workflowName":"My workflow","executionId":"7","nodeType":"n8n-nodes-base.googleDrive","nodeName":"Download file","nodeId":"bb1763ec-f4b5-4c7e-8484-967df163479c"}}
{"__type":"$$EventMessageConfirm","confirm":"e600b87f-680d-4414-bd5d-dde9a6fa64c7","ts":"2026-05-02T19:23:37.541-04:00","source":{"id":"0","name":"eventBus"}}
{"__type":"$$EventMessageNode","id":"38178100-a3f7-43b8-ba8a-1bdd2f621336","ts":"2026-05-02T19:23:38.802-04:00","eventName":"n8n.node.finished","message":"n8n.node.finished","payload":{"workflowId":"WH2GL8ExBSOWYzMP","workflowName":"My workflow","executionId":"7","nodeType":"n8n-nodes-base.googleDrive","nodeName":"Download file","nodeId":"bb1763ec-f4b5-4c7e-8484-967df163479c"}}
{"__type":"$$EventMessageConfirm","confirm":"38178100-a3f7-43b8-ba8a-1bdd2f621336","ts":"2026-05-02T19:23:38.803-04:00","source":{"id":"0","name":"eventBus"}}
{"__type":"$$EventMessageNode","id":"96980fa8-bc06-4d28-943f-6cbf8e03ff30","ts":"2026-05-02T19:23:38.804-04:00","eventName":"n8n.node.started","message":"n8n.node.started","payload":{"workflowId":"WH2GL8ExBSOWYzMP","workflowName":"My workflow","executionId":"7","nodeType":"n8n-nodes-base.httpRequest","nodeName":"HTTP Request","nodeId":"88d1259b-9996-49d2-b664-a7c00f189826"}}
{"__type":"$$EventMessageConfirm","confirm":"96980fa8-bc06-4d28-943f-6cbf8e03ff30","ts":"2026-05-02T19:23:38.804-04:00","source":{"id":"0","name":"eventBus"}}
{"__type":"$$EventMessageNode","id":"6db9bc3b-bb44-43db-9cf0-457389985931","ts":"2026-05-02T19:23:43.910-04:00","eventName":"n8n.node.finished","message":"n8n.node.finished","payload":{"workflowId":"WH2GL8ExBSOWYzMP","workflowName":"My workflow","executionId":"7","nodeType":"n8n-nodes-base.httpRequest","nodeName":"HTTP Request","nodeId":"88d1259b-9996-49d2-b664-a7c00f189826"}}
{"__type":"$$EventMessageConfirm","confirm":"6db9bc3b-bb44-43db-9cf0-457389985931","ts":"2026-05-02T19:23:43.910-04:00","source":{"id":"0","name":"eventBus"}}
{"__type":"$$EventMessageNode","id":"f4abfe05-2aa3-41b9-a8fb-0357c50e3645","ts":"2026-05-02T19:23:43.911-04:00","eventName":"n8n.node.started","message":"n8n.node.started","payload":{"workflowId":"WH2GL8ExBSOWYzMP","workflowName":"My workflow","executionId":"7","nodeType":"n8n-nodes-base.gmail","nodeName":"Send a message","nodeId":"85450820-5b00-4699-bca3-84839a75101f"}}
{"__type":"$$EventMessageConfirm","confirm":"f4abfe05-2aa3-41b9-a8fb-0357c50e3645","ts":"2026-05-02T19:23:43.911-04:00","source":{"id":"0","name":"eventBus"}}
{"__type":"$$EventMessageNode","id":"b963807a-b32d-4771-b348-cdb126452b8f","ts":"2026-05-02T19:23:44.405-04:00","eventName":"n8n.node.finished","message":"n8n.node.finished","payload":{"workflowId":"WH2GL8ExBSOWYzMP","workflowName":"My workflow","executionId":"7","nodeType":"n8n-nodes-base.gmail","nodeName":"Send a message","nodeId":"85450820-5b00-4699-bca3-84839a75101f"}}
{"__type":"$$EventMessageConfirm","confirm":"b963807a-b32d-4771-b348-cdb126452b8f","ts":"2026-05-02T19:23:44.406-04:00","source":{"id":"0","name":"eventBus"}}
{"__type":"$$EventMessageWorkflow","id":"398c4235-2166-4807-8e49-a51782b22cb7","ts":"2026-05-02T19:23:44.408-04:00","eventName":"n8n.workflow.success","message":"n8n.workflow.success","payload":{"executionId":"7","success":true,"isManual":false,"mode":"trigger","workflowId":"WH2GL8ExBSOWYzMP","workflowName":"My workflow"}}
{"__type":"$$EventMessageConfirm","confirm":"398c4235-2166-4807-8e49-a51782b22cb7","ts":"2026-05-02T19:23:44.408-04:00","source":{"id":"0","name":"eventBus"}}
{"__type":"$$EventMessageAudit","id":"b4849e67-0979-4151-a62b-8ca99470177b","ts":"2026-05-02T19:37:03.090-04:00","eventName":"n8n.audit.workflow.updated","message":"n8n.audit.workflow.updated","payload":{"userId":"8759ff25-d76b-4b0e-93b3-3d9d283d6775","_email":"benluong1802@gmail.com","_firstName":"Ben","_lastName":"Luong","globalRole":"global:owner","workflowId":"WH2GL8ExBSOWYzMP","workflowName":"My workflow"}}
{"__type":"$$EventMessageConfirm","confirm":"b4849e67-0979-4151-a62b-8ca99470177b","ts":"2026-05-02T19:37:03.090-04:00","source":{"id":"0","name":"eventBus"}}
{"__type":"$$EventMessageAudit","id":"de6f70fd-924d-41ec-8935-ac2f1eb4ee05","ts":"2026-05-02T19:53:11.975-04:00","eventName":"n8n.audit.workflow.updated","message":"n8n.audit.workflow.updated","payload":{"userId":"8759ff25-d76b-4b0e-93b3-3d9d283d6775","_email":"benluong1802@gmail.com","_firstName":"Ben","_lastName":"Luong","globalRole":"global:owner","workflowId":"WH2GL8ExBSOWYzMP","workflowName":"My workflow"}}
{"__type":"$$EventMessageConfirm","confirm":"de6f70fd-924d-41ec-8935-ac2f1eb4ee05","ts":"2026-05-02T19:53:11.975-04:00","source":{"id":"0","name":"eventBus"}}
{"__type":"$$EventMessageAudit","id":"d5e8f540-0ac1-4459-9bea-2e4760249b19","ts":"2026-05-02T19:53:14.265-04:00","eventName":"n8n.audit.workflow.updated","message":"n8n.audit.workflow.updated","payload":{"userId":"8759ff25-d76b-4b0e-93b3-3d9d283d6775","_email":"benluong1802@gmail.com","_firstName":"Ben","_lastName":"Luong","globalRole":"global:owner","workflowId":"WH2GL8ExBSOWYzMP","workflowName":"My workflow"}}
{"__type":"$$EventMessageConfirm","confirm":"d5e8f540-0ac1-4459-9bea-2e4760249b19","ts":"2026-05-02T19:53:14.265-04:00","source":{"id":"0","name":"eventBus"}}
{"__type":"$$EventMessageAudit","id":"81a58e6f-7975-4727-aaaf-2f0be800b76c","ts":"2026-05-02T19:53:16.188-04:00","eventName":"n8n.audit.workflow.updated","message":"n8n.audit.workflow.updated","payload":{"userId":"8759ff25-d76b-4b0e-93b3-3d9d283d6775","_email":"benluong1802@gmail.com","_firstName":"Ben","_lastName":"Luong","globalRole":"global:owner","workflowId":"WH2GL8ExBSOWYzMP","workflowName":"My workflow"}}
{"__type":"$$EventMessageConfirm","confirm":"81a58e6f-7975-4727-aaaf-2f0be800b76c","ts":"2026-05-02T19:53:16.189-04:00","source":{"id":"0","name":"eventBus"}}
{"__type":"$$EventMessageAudit","id":"9b0c1fff-22fb-4e6c-bf7b-1bb323f6b9bc","ts":"2026-05-02T19:53:18.469-04:00","eventName":"n8n.audit.workflow.updated","message":"n8n.audit.workflow.updated","payload":{"userId":"8759ff25-d76b-4b0e-93b3-3d9d283d6775","_email":"benluong1802@gmail.com","_firstName":"Ben","_lastName":"Luong","globalRole":"global:owner","workflowId":"WH2GL8ExBSOWYzMP","workflowName":"My workflow"}}
{"__type":"$$EventMessageConfirm","confirm":"9b0c1fff-22fb-4e6c-bf7b-1bb323f6b9bc","ts":"2026-05-02T19:53:18.469-04:00","source":{"id":"0","name":"eventBus"}}
{"__type":"$$EventMessageAudit","id":"e25a40e8-a8d8-4f95-9235-bda1ad9ac86f","ts":"2026-05-02T19:54:01.912-04:00","eventName":"n8n.audit.workflow.updated","message":"n8n.audit.workflow.updated","payload":{"userId":"8759ff25-d76b-4b0e-93b3-3d9d283d6775","_email":"benluong1802@gmail.com","_firstName":"Ben","_lastName":"Luong","globalRole":"global:owner","workflowId":"WH2GL8ExBSOWYzMP","workflowName":"My workflow"}}
{"__type":"$$EventMessageConfirm","confirm":"e25a40e8-a8d8-4f95-9235-bda1ad9ac86f","ts":"2026-05-02T19:54:01.912-04:00","source":{"id":"0","name":"eventBus"}}
{"__type":"$$EventMessageAudit","id":"0e22cfe6-6900-4abb-9b4e-4f79a946e6cd","ts":"2026-05-02T20:00:30.227-04:00","eventName":"n8n.audit.workflow.updated","message":"n8n.audit.workflow.updated","payload":{"userId":"8759ff25-d76b-4b0e-93b3-3d9d283d6775","_email":"benluong1802@gmail.com","_firstName":"Ben","_lastName":"Luong","globalRole":"global:owner","workflowId":"WH2GL8ExBSOWYzMP","workflowName":"My workflow"}}
{"__type":"$$EventMessageConfirm","confirm":"0e22cfe6-6900-4abb-9b4e-4f79a946e6cd","ts":"2026-05-02T20:00:30.227-04:00","source":{"id":"0","name":"eventBus"}}
{"__type":"$$EventMessageAudit","id":"c779f589-c8f6-4683-8c72-0337c8484741","ts":"2026-05-02T20:00:42.506-04:00","eventName":"n8n.audit.workflow.deactivated","message":"n8n.audit.workflow.deactivated","payload":{"userId":"8759ff25-d76b-4b0e-93b3-3d9d283d6775","_email":"benluong1802@gmail.com","_firstName":"Ben","_lastName":"Luong","globalRole":"global:owner","workflowId":"WH2GL8ExBSOWYzMP","workflowName":"My workflow","deactivatedVersionId":"ee792261-8aec-4e64-861e-3243b3c89c29"}}
{"__type":"$$EventMessageConfirm","confirm":"c779f589-c8f6-4683-8c72-0337c8484741","ts":"2026-05-02T20:00:42.506-04:00","source":{"id":"0","name":"eventBus"}}
{"__type":"$$EventMessageAudit","id":"869c611b-498d-4eb8-8fa6-1dd5a1976bf8","ts":"2026-05-02T20:00:42.760-04:00","eventName":"n8n.audit.workflow.activated","message":"n8n.audit.workflow.activated","payload":{"userId":"8759ff25-d76b-4b0e-93b3-3d9d283d6775","_email":"benluong1802@gmail.com","_firstName":"Ben","_lastName":"Luong","globalRole":"global:owner","workflowId":"WH2GL8ExBSOWYzMP","workflowName":"My workflow","activeVersionId":"592659f2-1449-4876-9c74-e245ae79537c"}}
{"__type":"$$EventMessageConfirm","confirm":"869c611b-498d-4eb8-8fa6-1dd5a1976bf8","ts":"2026-05-02T20:00:42.760-04:00","source":{"id":"0","name":"eventBus"}}
{"__type":"$$EventMessageAudit","id":"3133b801-1d9c-4031-962e-67149142c62c","ts":"2026-05-02T20:04:44.965-04:00","eventName":"n8n.audit.workflow.updated","message":"n8n.audit.workflow.updated","payload":{"userId":"8759ff25-d76b-4b0e-93b3-3d9d283d6775","_email":"benluong1802@gmail.com","_firstName":"Ben","_lastName":"Luong","globalRole":"global:owner","workflowId":"WH2GL8ExBSOWYzMP","workflowName":"My workflow"}}
{"__type":"$$EventMessageConfirm","confirm":"3133b801-1d9c-4031-962e-67149142c62c","ts":"2026-05-02T20:04:44.965-04:00","source":{"id":"0","name":"eventBus"}}
{"__type":"$$EventMessageAudit","id":"8de1cb7c-1647-447f-9ac0-b6a47f048406","ts":"2026-05-02T20:05:18.892-04:00","eventName":"n8n.audit.user.credentials.created","message":"n8n.audit.user.credentials.created","payload":{"userId":"8759ff25-d76b-4b0e-93b3-3d9d283d6775","_email":"benluong1802@gmail.com","_firstName":"Ben","_lastName":"Luong","globalRole":"global:owner","credentialType":"googleSheetsOAuth2Api","credentialId":"lke2vHfUr6VI1PYo","publicApi":false,"projectId":"RF8QgbQ9YZE4HCt9","projectType":"personal","isDynamic":false}}
{"__type":"$$EventMessageConfirm","confirm":"8de1cb7c-1647-447f-9ac0-b6a47f048406","ts":"2026-05-02T20:05:18.893-04:00","source":{"id":"0","name":"eventBus"}}
{"__type":"$$EventMessageAudit","id":"75190d34-f17d-422b-b264-4b6865c86edc","ts":"2026-05-02T20:05:20.514-04:00","eventName":"n8n.audit.workflow.updated","message":"n8n.audit.workflow.updated","payload":{"userId":"8759ff25-d76b-4b0e-93b3-3d9d283d6775","_email":"benluong1802@gmail.com","_firstName":"Ben","_lastName":"Luong","globalRole":"global:owner","workflowId":"WH2GL8ExBSOWYzMP","workflowName":"My workflow"}}
{"__type":"$$EventMessageConfirm","confirm":"75190d34-f17d-422b-b264-4b6865c86edc","ts":"2026-05-02T20:05:20.514-04:00","source":{"id":"0","name":"eventBus"}}
{"__type":"$$EventMessageAudit","id":"99698400-f457-442b-aebc-22be330e8f36","ts":"2026-05-02T20:05:42.881-04:00","eventName":"n8n.audit.user.credentials.updated","message":"n8n.audit.user.credentials.updated","payload":{"userId":"8759ff25-d76b-4b0e-93b3-3d9d283d6775","_email":"benluong1802@gmail.com","_firstName":"Ben","_lastName":"Luong","globalRole":"global:owner","credentialType":"googleSheetsOAuth2Api","credentialId":"lke2vHfUr6VI1PYo","isDynamic":false}}
{"__type":"$$EventMessageConfirm","confirm":"99698400-f457-442b-aebc-22be330e8f36","ts":"2026-05-02T20:05:42.881-04:00","source":{"id":"0","name":"eventBus"}}
{"__type":"$$EventMessageAudit","id":"77e4c4c9-f0ac-44e1-a670-007f1e98cf05","ts":"2026-05-02T20:06:06.871-04:00","eventName":"n8n.audit.workflow.updated","message":"n8n.audit.workflow.updated","payload":{"userId":"8759ff25-d76b-4b0e-93b3-3d9d283d6775","_email":"benluong1802@gmail.com","_firstName":"Ben","_lastName":"Luong","globalRole":"global:owner","workflowId":"WH2GL8ExBSOWYzMP","workflowName":"My workflow"}}
{"__type":"$$EventMessageConfirm","confirm":"77e4c4c9-f0ac-44e1-a670-007f1e98cf05","ts":"2026-05-02T20:06:06.872-04:00","source":{"id":"0","name":"eventBus"}}
{"__type":"$$EventMessageAudit","id":"2b1d3702-83dd-469e-9cb9-bd2ba854fd0e","ts":"2026-05-02T20:06:10.928-04:00","eventName":"n8n.audit.workflow.updated","message":"n8n.audit.workflow.updated","payload":{"userId":"8759ff25-d76b-4b0e-93b3-3d9d283d6775","_email":"benluong1802@gmail.com","_firstName":"Ben","_lastName":"Luong","globalRole":"global:owner","workflowId":"WH2GL8ExBSOWYzMP","workflowName":"My workflow"}}
{"__type":"$$EventMessageConfirm","confirm":"2b1d3702-83dd-469e-9cb9-bd2ba854fd0e","ts":"2026-05-02T20:06:10.928-04:00","source":{"id":"0","name":"eventBus"}}
{"__type":"$$EventMessageAudit","id":"3f90c415-f5f8-4930-beca-2c5ba6af6973","ts":"2026-05-02T20:06:34.227-04:00","eventName":"n8n.audit.workflow.updated","message":"n8n.audit.workflow.updated","payload":{"userId":"8759ff25-d76b-4b0e-93b3-3d9d283d6775","_email":"benluong1802@gmail.com","_firstName":"Ben","_lastName":"Luong","globalRole":"global:owner","workflowId":"WH2GL8ExBSOWYzMP","workflowName":"My workflow"}}
{"__type":"$$EventMessageConfirm","confirm":"3f90c415-f5f8-4930-beca-2c5ba6af6973","ts":"2026-05-02T20:06:34.227-04:00","source":{"id":"0","name":"eventBus"}}
{"__type":"$$EventMessageAudit","id":"54aa3b57-bbc9-43f8-a4e8-006f91316312","ts":"2026-05-02T20:06:56.386-04:00","eventName":"n8n.audit.workflow.updated","message":"n8n.audit.workflow.updated","payload":{"userId":"8759ff25-d76b-4b0e-93b3-3d9d283d6775","_email":"benluong1802@gmail.com","_firstName":"Ben","_lastName":"Luong","globalRole":"global:owner","workflowId":"WH2GL8ExBSOWYzMP","workflowName":"My workflow"}}
{"__type":"$$EventMessageConfirm","confirm":"54aa3b57-bbc9-43f8-a4e8-006f91316312","ts":"2026-05-02T20:06:56.386-04:00","source":{"id":"0","name":"eventBus"}}
{"__type":"$$EventMessageAudit","id":"0f290ffe-e95d-41ea-9474-1e793238e38d","ts":"2026-05-02T20:07:05.598-04:00","eventName":"n8n.audit.workflow.updated","message":"n8n.audit.workflow.updated","payload":{"userId":"8759ff25-d76b-4b0e-93b3-3d9d283d6775","_email":"benluong1802@gmail.com","_firstName":"Ben","_lastName":"Luong","globalRole":"global:owner","workflowId":"WH2GL8ExBSOWYzMP","workflowName":"My workflow"}}
{"__type":"$$EventMessageConfirm","confirm":"0f290ffe-e95d-41ea-9474-1e793238e38d","ts":"2026-05-02T20:07:05.598-04:00","source":{"id":"0","name":"eventBus"}}
{"__type":"$$EventMessageAudit","id":"e8d230ea-7d1a-4397-b407-1ccfa46445d0","ts":"2026-05-02T20:07:14.456-04:00","eventName":"n8n.audit.workflow.updated","message":"n8n.audit.workflow.updated","payload":{"userId":"8759ff25-d76b-4b0e-93b3-3d9d283d6775","_email":"benluong1802@gmail.com","_firstName":"Ben","_lastName":"Luong","globalRole":"global:owner","workflowId":"WH2GL8ExBSOWYzMP","workflowName":"My workflow"}}
{"__type":"$$EventMessageConfirm","confirm":"e8d230ea-7d1a-4397-b407-1ccfa46445d0","ts":"2026-05-02T20:07:14.456-04:00","source":{"id":"0","name":"eventBus"}}
{"__type":"$$EventMessageAudit","id":"4cd78813-c982-4b01-8dfc-efd4c098ee5e","ts":"2026-05-02T20:07:17.517-04:00","eventName":"n8n.audit.workflow.updated","message":"n8n.audit.workflow.updated","payload":{"userId":"8759ff25-d76b-4b0e-93b3-3d9d283d6775","_email":"benluong1802@gmail.com","_firstName":"Ben","_lastName":"Luong","globalRole":"global:owner","workflowId":"WH2GL8ExBSOWYzMP","workflowName":"My workflow"}}
{"__type":"$$EventMessageConfirm","confirm":"4cd78813-c982-4b01-8dfc-efd4c098ee5e","ts":"2026-05-02T20:07:17.517-04:00","source":{"id":"0","name":"eventBus"}}
{"__type":"$$EventMessageAudit","id":"12eab156-55ed-4529-9658-8a278ecfe188","ts":"2026-05-02T20:07:20.095-04:00","eventName":"n8n.audit.workflow.updated","message":"n8n.audit.workflow.updated","payload":{"userId":"8759ff25-d76b-4b0e-93b3-3d9d283d6775","_email":"benluong1802@gmail.com","_firstName":"Ben","_lastName":"Luong","globalRole":"global:owner","workflowId":"WH2GL8ExBSOWYzMP","workflowName":"My workflow"}}
{"__type":"$$EventMessageConfirm","confirm":"12eab156-55ed-4529-9658-8a278ecfe188","ts":"2026-05-02T20:07:20.095-04:00","source":{"id":"0","name":"eventBus"}}
{"__type":"$$EventMessageAudit","id":"b5057142-a758-4bc9-9ede-89236f7366f2","ts":"2026-05-02T20:07:21.763-04:00","eventName":"n8n.audit.workflow.updated","message":"n8n.audit.workflow.updated","payload":{"userId":"8759ff25-d76b-4b0e-93b3-3d9d283d6775","_email":"benluong1802@gmail.com","_firstName":"Ben","_lastName":"Luong","globalRole":"global:owner","workflowId":"WH2GL8ExBSOWYzMP","workflowName":"My workflow"}}
{"__type":"$$EventMessageConfirm","confirm":"b5057142-a758-4bc9-9ede-89236f7366f2","ts":"2026-05-02T20:07:21.763-04:00","source":{"id":"0","name":"eventBus"}}
{"__type":"$$EventMessageAudit","id":"6a21627c-78f4-4502-9e57-8b0dc29805cb","ts":"2026-05-02T20:08:05.143-04:00","eventName":"n8n.audit.workflow.updated","message":"n8n.audit.workflow.updated","payload":{"userId":"8759ff25-d76b-4b0e-93b3-3d9d283d6775","_email":"benluong1802@gmail.com","_firstName":"Ben","_lastName":"Luong","globalRole":"global:owner","workflowId":"WH2GL8ExBSOWYzMP","workflowName":"My workflow"}}
{"__type":"$$EventMessageConfirm","confirm":"6a21627c-78f4-4502-9e57-8b0dc29805cb","ts":"2026-05-02T20:08:05.143-04:00","source":{"id":"0","name":"eventBus"}}
{"__type":"$$EventMessageAudit","id":"6f6fdea6-a244-4468-9bb5-edecc0bd657d","ts":"2026-05-02T20:08:09.266-04:00","eventName":"n8n.audit.workflow.updated","message":"n8n.audit.workflow.updated","payload":{"userId":"8759ff25-d76b-4b0e-93b3-3d9d283d6775","_email":"benluong1802@gmail.com","_firstName":"Ben","_lastName":"Luong","globalRole":"global:owner","workflowId":"WH2GL8ExBSOWYzMP","workflowName":"My workflow"}}
{"__type":"$$EventMessageConfirm","confirm":"6f6fdea6-a244-4468-9bb5-edecc0bd657d","ts":"2026-05-02T20:08:09.266-04:00","source":{"id":"0","name":"eventBus"}}
{"__type":"$$EventMessageAudit","id":"57e9a8a6-89d9-4d4c-841c-5f58bd075a6c","ts":"2026-05-02T20:08:32.370-04:00","eventName":"n8n.audit.workflow.updated","message":"n8n.audit.workflow.updated","payload":{"userId":"8759ff25-d76b-4b0e-93b3-3d9d283d6775","_email":"benluong1802@gmail.com","_firstName":"Ben","_lastName":"Luong","globalRole":"global:owner","workflowId":"WH2GL8ExBSOWYzMP","workflowName":"My workflow"}}
{"__type":"$$EventMessageConfirm","confirm":"57e9a8a6-89d9-4d4c-841c-5f58bd075a6c","ts":"2026-05-02T20:08:32.371-04:00","source":{"id":"0","name":"eventBus"}}
{"__type":"$$EventMessageAudit","id":"fde1631d-49b9-4a38-b704-b964ca9df953","ts":"2026-05-02T20:08:49.042-04:00","eventName":"n8n.audit.workflow.updated","message":"n8n.audit.workflow.updated","payload":{"userId":"8759ff25-d76b-4b0e-93b3-3d9d283d6775","_email":"benluong1802@gmail.com","_firstName":"Ben","_lastName":"Luong","globalRole":"global:owner","workflowId":"WH2GL8ExBSOWYzMP","workflowName":"My workflow"}}
{"__type":"$$EventMessageConfirm","confirm":"fde1631d-49b9-4a38-b704-b964ca9df953","ts":"2026-05-02T20:08:49.042-04:00","source":{"id":"0","name":"eventBus"}}
{"__type":"$$EventMessageAudit","id":"0119c716-b2c7-4469-8178-d6b567d56650","ts":"2026-05-02T20:08:52.263-04:00","eventName":"n8n.audit.workflow.updated","message":"n8n.audit.workflow.updated","payload":{"userId":"8759ff25-d76b-4b0e-93b3-3d9d283d6775","_email":"benluong1802@gmail.com","_firstName":"Ben","_lastName":"Luong","globalRole":"global:owner","workflowId":"WH2GL8ExBSOWYzMP","workflowName":"My workflow"}}
{"__type":"$$EventMessageConfirm","confirm":"0119c716-b2c7-4469-8178-d6b567d56650","ts":"2026-05-02T20:08:52.263-04:00","source":{"id":"0","name":"eventBus"}}
{"__type":"$$EventMessageAudit","id":"602bd3a3-0a9c-41e8-9daf-9548af0d98ad","ts":"2026-05-02T20:08:55.914-04:00","eventName":"n8n.audit.workflow.updated","message":"n8n.audit.workflow.updated","payload":{"userId":"8759ff25-d76b-4b0e-93b3-3d9d283d6775","_email":"benluong1802@gmail.com","_firstName":"Ben","_lastName":"Luong","globalRole":"global:owner","workflowId":"WH2GL8ExBSOWYzMP","workflowName":"My workflow"}}
{"__type":"$$EventMessageConfirm","confirm":"602bd3a3-0a9c-41e8-9daf-9548af0d98ad","ts":"2026-05-02T20:08:55.914-04:00","source":{"id":"0","name":"eventBus"}}
{"__type":"$$EventMessageAudit","id":"cb97da6b-5575-4af1-8100-c22ebd369868","ts":"2026-05-02T20:08:57.512-04:00","eventName":"n8n.audit.workflow.updated","message":"n8n.audit.workflow.updated","payload":{"userId":"8759ff25-d76b-4b0e-93b3-3d9d283d6775","_email":"benluong1802@gmail.com","_firstName":"Ben","_lastName":"Luong","globalRole":"global:owner","workflowId":"WH2GL8ExBSOWYzMP","workflowName":"My workflow"}}
{"__type":"$$EventMessageConfirm","confirm":"cb97da6b-5575-4af1-8100-c22ebd369868","ts":"2026-05-02T20:08:57.512-04:00","source":{"id":"0","name":"eventBus"}}
{"__type":"$$EventMessageAudit","id":"7cd28fe9-eca5-4ee1-8de9-9078bd5c0b14","ts":"2026-05-02T20:09:03.338-04:00","eventName":"n8n.audit.workflow.updated","message":"n8n.audit.workflow.updated","payload":{"userId":"8759ff25-d76b-4b0e-93b3-3d9d283d6775","_email":"benluong1802@gmail.com","_firstName":"Ben","_lastName":"Luong","globalRole":"global:owner","workflowId":"WH2GL8ExBSOWYzMP","workflowName":"My workflow"}}
{"__type":"$$EventMessageConfirm","confirm":"7cd28fe9-eca5-4ee1-8de9-9078bd5c0b14","ts":"2026-05-02T20:09:03.338-04:00","source":{"id":"0","name":"eventBus"}}
{"__type":"$$EventMessageAudit","id":"61d1a51c-75fd-42b7-977f-a52fb8ad0542","ts":"2026-05-02T20:09:08.959-04:00","eventName":"n8n.audit.workflow.executed","message":"n8n.audit.workflow.executed","payload":{"userId":"8759ff25-d76b-4b0e-93b3-3d9d283d6775","_email":"benluong1802@gmail.com","_firstName":"Ben","_lastName":"Luong","globalRole":"global:owner","workflowId":"WH2GL8ExBSOWYzMP","workflowName":"My workflow","executionId":"8","source":"user-manual"}}
{"__type":"$$EventMessageConfirm","confirm":"61d1a51c-75fd-42b7-977f-a52fb8ad0542","ts":"2026-05-02T20:09:08.959-04:00","source":{"id":"0","name":"eventBus"}}
{"__type":"$$EventMessageWorkflow","id":"cac1e3fe-8c8e-4df7-a0d9-164a4a56571e","ts":"2026-05-02T20:09:08.960-04:00","eventName":"n8n.workflow.started","message":"n8n.workflow.started","payload":{"executionId":"8","workflowId":"WH2GL8ExBSOWYzMP","isManual":false,"mode":"manual","workflowName":"My workflow"}}
{"__type":"$$EventMessageConfirm","confirm":"cac1e3fe-8c8e-4df7-a0d9-164a4a56571e","ts":"2026-05-02T20:09:08.960-04:00","source":{"id":"0","name":"eventBus"}}
{"__type":"$$EventMessageNode","id":"139d8d18-e435-49d9-86b9-f487345f9afb","ts":"2026-05-02T20:09:08.976-04:00","eventName":"n8n.node.started","message":"n8n.node.started","payload":{"workflowId":"WH2GL8ExBSOWYzMP","workflowName":"My workflow","executionId":"8","nodeType":"n8n-nodes-base.googleDriveTrigger","nodeName":"Google Drive Trigger","nodeId":"12f3c977-afcb-4569-86bf-9990305aaf7b"}}
{"__type":"$$EventMessageConfirm","confirm":"139d8d18-e435-49d9-86b9-f487345f9afb","ts":"2026-05-02T20:09:08.976-04:00","source":{"id":"0","name":"eventBus"}}
{"__type":"$$EventMessageNode","id":"a180d9bf-e9e9-43c4-9907-3f79a83d8dfd","ts":"2026-05-02T20:09:09.283-04:00","eventName":"n8n.node.finished","message":"n8n.node.finished","payload":{"workflowId":"WH2GL8ExBSOWYzMP","workflowName":"My workflow","executionId":"8","nodeType":"n8n-nodes-base.googleDriveTrigger","nodeName":"Google Drive Trigger","nodeId":"12f3c977-afcb-4569-86bf-9990305aaf7b"}}
{"__type":"$$EventMessageConfirm","confirm":"a180d9bf-e9e9-43c4-9907-3f79a83d8dfd","ts":"2026-05-02T20:09:09.283-04:00","source":{"id":"0","name":"eventBus"}}
{"__type":"$$EventMessageNode","id":"c2002181-4fcb-4df0-9bf8-063e75ec624a","ts":"2026-05-02T20:09:09.284-04:00","eventName":"n8n.node.started","message":"n8n.node.started","payload":{"workflowId":"WH2GL8ExBSOWYzMP","workflowName":"My workflow","executionId":"8","nodeType":"n8n-nodes-base.googleDrive","nodeName":"Download file","nodeId":"bb1763ec-f4b5-4c7e-8484-967df163479c"}}
{"__type":"$$EventMessageConfirm","confirm":"c2002181-4fcb-4df0-9bf8-063e75ec624a","ts":"2026-05-02T20:09:09.284-04:00","source":{"id":"0","name":"eventBus"}}
{"__type":"$$EventMessageNode","id":"b971c649-6f5a-4472-ad33-b3905aa2c1de","ts":"2026-05-02T20:09:09.996-04:00","eventName":"n8n.node.finished","message":"n8n.node.finished","payload":{"workflowId":"WH2GL8ExBSOWYzMP","workflowName":"My workflow","executionId":"8","nodeType":"n8n-nodes-base.googleDrive","nodeName":"Download file","nodeId":"bb1763ec-f4b5-4c7e-8484-967df163479c"}}
{"__type":"$$EventMessageConfirm","confirm":"b971c649-6f5a-4472-ad33-b3905aa2c1de","ts":"2026-05-02T20:09:09.996-04:00","source":{"id":"0","name":"eventBus"}}
{"__type":"$$EventMessageNode","id":"ab8adbbb-2378-466e-a86e-d7fd9648c86a","ts":"2026-05-02T20:09:09.997-04:00","eventName":"n8n.node.started","message":"n8n.node.started","payload":{"workflowId":"WH2GL8ExBSOWYzMP","workflowName":"My workflow","executionId":"8","nodeType":"n8n-nodes-base.httpRequest","nodeName":"HTTP Request","nodeId":"88d1259b-9996-49d2-b664-a7c00f189826"}}
{"__type":"$$EventMessageConfirm","confirm":"ab8adbbb-2378-466e-a86e-d7fd9648c86a","ts":"2026-05-02T20:09:09.997-04:00","source":{"id":"0","name":"eventBus"}}
{"__type":"$$EventMessageNode","id":"9500a7cb-266a-4c36-bdaa-57b2276dc36f","ts":"2026-05-02T20:09:11.539-04:00","eventName":"n8n.node.finished","message":"n8n.node.finished","payload":{"workflowId":"WH2GL8ExBSOWYzMP","workflowName":"My workflow","executionId":"8","nodeType":"n8n-nodes-base.httpRequest","nodeName":"HTTP Request","nodeId":"88d1259b-9996-49d2-b664-a7c00f189826"}}
{"__type":"$$EventMessageConfirm","confirm":"9500a7cb-266a-4c36-bdaa-57b2276dc36f","ts":"2026-05-02T20:09:11.539-04:00","source":{"id":"0","name":"eventBus"}}
{"__type":"$$EventMessageNode","id":"d5cdfb3e-ea7c-49ed-a2ad-57e1f3e8bcfa","ts":"2026-05-02T20:09:11.539-04:00","eventName":"n8n.node.started","message":"n8n.node.started","payload":{"workflowId":"WH2GL8ExBSOWYzMP","workflowName":"My workflow","executionId":"8","nodeType":"n8n-nodes-base.googleSheets","nodeName":"Get row(s) in sheet","nodeId":"3c08714e-3099-4068-9527-2d9871f71073"}}
{"__type":"$$EventMessageConfirm","confirm":"d5cdfb3e-ea7c-49ed-a2ad-57e1f3e8bcfa","ts":"2026-05-02T20:09:11.539-04:00","source":{"id":"0","name":"eventBus"}}
{"__type":"$$EventMessageNode","id":"3649bba5-efb5-4736-8b57-08ac7f13de38","ts":"2026-05-02T20:09:11.670-04:00","eventName":"n8n.node.finished","message":"n8n.node.finished","payload":{"workflowId":"WH2GL8ExBSOWYzMP","workflowName":"My workflow","executionId":"8","nodeType":"n8n-nodes-base.googleSheets","nodeName":"Get row(s) in sheet","nodeId":"3c08714e-3099-4068-9527-2d9871f71073"}}
{"__type":"$$EventMessageConfirm","confirm":"3649bba5-efb5-4736-8b57-08ac7f13de38","ts":"2026-05-02T20:09:11.670-04:00","source":{"id":"0","name":"eventBus"}}
{"__type":"$$EventMessageWorkflow","id":"9bb0d52d-07db-4020-b6f1-5dc80e898b6c","ts":"2026-05-02T20:09:11.672-04:00","eventName":"n8n.workflow.failed","message":"n8n.workflow.failed","payload":{"userId":"8759ff25-d76b-4b0e-93b3-3d9d283d6775","executionId":"8","success":false,"isManual":true,"mode":"manual","workflowId":"WH2GL8ExBSOWYzMP","workflowName":"My workflow","lastNodeExecuted":"Get row(s) in sheet","errorNodeType":"n8n-nodes-base.googleSheets","errorMessage":"Forbidden - perhaps check your credentials?"}}
{"__type":"$$EventMessageConfirm","confirm":"9bb0d52d-07db-4020-b6f1-5dc80e898b6c","ts":"2026-05-02T20:09:11.672-04:00","source":{"id":"0","name":"eventBus"}}
{"__type":"$$EventMessageAudit","id":"25a98a7e-e436-499c-bc3f-46a10e720da3","ts":"2026-05-02T20:09:15.487-04:00","eventName":"n8n.audit.workflow.executed","message":"n8n.audit.workflow.executed","payload":{"userId":"8759ff25-d76b-4b0e-93b3-3d9d283d6775","_email":"benluong1802@gmail.com","_firstName":"Ben","_lastName":"Luong","globalRole":"global:owner","workflowId":"WH2GL8ExBSOWYzMP","workflowName":"My workflow","executionId":"9","source":"user-manual"}}
{"__type":"$$EventMessageConfirm","confirm":"25a98a7e-e436-499c-bc3f-46a10e720da3","ts":"2026-05-02T20:09:15.487-04:00","source":{"id":"0","name":"eventBus"}}
{"__type":"$$EventMessageWorkflow","id":"c6e0f841-4169-4788-963f-3274788da136","ts":"2026-05-02T20:09:15.488-04:00","eventName":"n8n.workflow.started","message":"n8n.workflow.started","payload":{"executionId":"9","workflowId":"WH2GL8ExBSOWYzMP","isManual":false,"mode":"manual","workflowName":"My workflow"}}
{"__type":"$$EventMessageConfirm","confirm":"c6e0f841-4169-4788-963f-3274788da136","ts":"2026-05-02T20:09:15.488-04:00","source":{"id":"0","name":"eventBus"}}
{"__type":"$$EventMessageNode","id":"14c74e6c-7bdb-4101-9866-b25b3b69f817","ts":"2026-05-02T20:09:15.502-04:00","eventName":"n8n.node.started","message":"n8n.node.started","payload":{"workflowId":"WH2GL8ExBSOWYzMP","workflowName":"My workflow","executionId":"9","nodeType":"n8n-nodes-base.googleSheets","nodeName":"Get row(s) in sheet","nodeId":"3c08714e-3099-4068-9527-2d9871f71073"}}
{"__type":"$$EventMessageConfirm","confirm":"14c74e6c-7bdb-4101-9866-b25b3b69f817","ts":"2026-05-02T20:09:15.502-04:00","source":{"id":"0","name":"eventBus"}}
{"__type":"$$EventMessageNode","id":"88edc6f7-5c56-4820-bfad-8f4e7337232a","ts":"2026-05-02T20:09:15.618-04:00","eventName":"n8n.node.finished","message":"n8n.node.finished","payload":{"workflowId":"WH2GL8ExBSOWYzMP","workflowName":"My workflow","executionId":"9","nodeType":"n8n-nodes-base.googleSheets","nodeName":"Get row(s) in sheet","nodeId":"3c08714e-3099-4068-9527-2d9871f71073"}}
{"__type":"$$EventMessageConfirm","confirm":"88edc6f7-5c56-4820-bfad-8f4e7337232a","ts":"2026-05-02T20:09:15.618-04:00","source":{"id":"0","name":"eventBus"}}
{"__type":"$$EventMessageWorkflow","id":"b1aff153-f98e-4af1-9070-7ff389d2d029","ts":"2026-05-02T20:09:15.620-04:00","eventName":"n8n.workflow.failed","message":"n8n.workflow.failed","payload":{"userId":"8759ff25-d76b-4b0e-93b3-3d9d283d6775","executionId":"9","success":false,"isManual":true,"mode":"manual","workflowId":"WH2GL8ExBSOWYzMP","workflowName":"My workflow","lastNodeExecuted":"Get row(s) in sheet","errorNodeType":"n8n-nodes-base.googleSheets","errorMessage":"Forbidden - perhaps check your credentials?"}}
{"__type":"$$EventMessageConfirm","confirm":"b1aff153-f98e-4af1-9070-7ff389d2d029","ts":"2026-05-02T20:09:15.620-04:00","source":{"id":"0","name":"eventBus"}}
{"__type":"$$EventMessageAudit","id":"4f4dcf99-8d94-4091-8e15-568b52685112","ts":"2026-05-02T20:09:46.424-04:00","eventName":"n8n.audit.workflow.executed","message":"n8n.audit.workflow.executed","payload":{"userId":"8759ff25-d76b-4b0e-93b3-3d9d283d6775","_email":"benluong1802@gmail.com","_firstName":"Ben","_lastName":"Luong","globalRole":"global:owner","workflowId":"WH2GL8ExBSOWYzMP","workflowName":"My workflow","executionId":"10","source":"user-manual"}}
{"__type":"$$EventMessageConfirm","confirm":"4f4dcf99-8d94-4091-8e15-568b52685112","ts":"2026-05-02T20:09:46.425-04:00","source":{"id":"0","name":"eventBus"}}
{"__type":"$$EventMessageWorkflow","id":"94866567-ae26-44f3-beb1-56514796b2b2","ts":"2026-05-02T20:09:46.425-04:00","eventName":"n8n.workflow.started","message":"n8n.workflow.started","payload":{"executionId":"10","workflowId":"WH2GL8ExBSOWYzMP","isManual":false,"mode":"manual","workflowName":"My workflow"}}
{"__type":"$$EventMessageConfirm","confirm":"94866567-ae26-44f3-beb1-56514796b2b2","ts":"2026-05-02T20:09:46.425-04:00","source":{"id":"0","name":"eventBus"}}
{"__type":"$$EventMessageNode","id":"35da6547-6fb2-44d2-9c92-479f322f5b29","ts":"2026-05-02T20:09:46.437-04:00","eventName":"n8n.node.started","message":"n8n.node.started","payload":{"workflowId":"WH2GL8ExBSOWYzMP","workflowName":"My workflow","executionId":"10","nodeType":"n8n-nodes-base.googleSheets","nodeName":"Get row(s) in sheet","nodeId":"3c08714e-3099-4068-9527-2d9871f71073"}}
{"__type":"$$EventMessageConfirm","confirm":"35da6547-6fb2-44d2-9c92-479f322f5b29","ts":"2026-05-02T20:09:46.437-04:00","source":{"id":"0","name":"eventBus"}}
{"__type":"$$EventMessageNode","id":"eb6b0843-82c1-4395-a3f7-336cbfd87d8b","ts":"2026-05-02T20:09:46.558-04:00","eventName":"n8n.node.finished","message":"n8n.node.finished","payload":{"workflowId":"WH2GL8ExBSOWYzMP","workflowName":"My workflow","executionId":"10","nodeType":"n8n-nodes-base.googleSheets","nodeName":"Get row(s) in sheet","nodeId":"3c08714e-3099-4068-9527-2d9871f71073"}}
{"__type":"$$EventMessageConfirm","confirm":"eb6b0843-82c1-4395-a3f7-336cbfd87d8b","ts":"2026-05-02T20:09:46.558-04:00","source":{"id":"0","name":"eventBus"}}
{"__type":"$$EventMessageWorkflow","id":"1eee6aea-23e0-4be1-9157-6e6a5d3c267a","ts":"2026-05-02T20:09:46.560-04:00","eventName":"n8n.workflow.failed","message":"n8n.workflow.failed","payload":{"userId":"8759ff25-d76b-4b0e-93b3-3d9d283d6775","executionId":"10","success":false,"isManual":true,"mode":"manual","workflowId":"WH2GL8ExBSOWYzMP","workflowName":"My workflow","lastNodeExecuted":"Get row(s) in sheet","errorNodeType":"n8n-nodes-base.googleSheets","errorMessage":"Forbidden - perhaps check your credentials?"}}
{"__type":"$$EventMessageConfirm","confirm":"1eee6aea-23e0-4be1-9157-6e6a5d3c267a","ts":"2026-05-02T20:09:46.560-04:00","source":{"id":"0","name":"eventBus"}}
{"__type":"$$EventMessageAudit","id":"36752444-f8b5-470d-9280-cc2722d01d16","ts":"2026-05-02T20:09:57.952-04:00","eventName":"n8n.audit.workflow.executed","message":"n8n.audit.workflow.executed","payload":{"userId":"8759ff25-d76b-4b0e-93b3-3d9d283d6775","_email":"benluong1802@gmail.com","_firstName":"Ben","_lastName":"Luong","globalRole":"global:owner","workflowId":"WH2GL8ExBSOWYzMP","workflowName":"My workflow","executionId":"11","source":"user-manual"}}
{"__type":"$$EventMessageConfirm","confirm":"36752444-f8b5-470d-9280-cc2722d01d16","ts":"2026-05-02T20:09:57.952-04:00","source":{"id":"0","name":"eventBus"}}
{"__type":"$$EventMessageWorkflow","id":"c76feef6-9946-4d7f-848f-b8b14e5bf937","ts":"2026-05-02T20:09:57.952-04:00","eventName":"n8n.workflow.started","message":"n8n.workflow.started","payload":{"executionId":"11","workflowId":"WH2GL8ExBSOWYzMP","isManual":false,"mode":"manual","workflowName":"My workflow"}}
{"__type":"$$EventMessageConfirm","confirm":"c76feef6-9946-4d7f-848f-b8b14e5bf937","ts":"2026-05-02T20:09:57.952-04:00","source":{"id":"0","name":"eventBus"}}
{"__type":"$$EventMessageNode","id":"8e36ccd6-22ac-4214-b91b-7e9aff158063","ts":"2026-05-02T20:09:57.964-04:00","eventName":"n8n.node.started","message":"n8n.node.started","payload":{"workflowId":"WH2GL8ExBSOWYzMP","workflowName":"My workflow","executionId":"11","nodeType":"n8n-nodes-base.googleDriveTrigger","nodeName":"Google Drive Trigger","nodeId":"12f3c977-afcb-4569-86bf-9990305aaf7b"}}
{"__type":"$$EventMessageConfirm","confirm":"8e36ccd6-22ac-4214-b91b-7e9aff158063","ts":"2026-05-02T20:09:57.964-04:00","source":{"id":"0","name":"eventBus"}}
{"__type":"$$EventMessageNode","id":"47130e87-0102-49c5-9c7d-ccf1ffcee718","ts":"2026-05-02T20:09:58.239-04:00","eventName":"n8n.node.finished","message":"n8n.node.finished","payload":{"workflowId":"WH2GL8ExBSOWYzMP","workflowName":"My workflow","executionId":"11","nodeType":"n8n-nodes-base.googleDriveTrigger","nodeName":"Google Drive Trigger","nodeId":"12f3c977-afcb-4569-86bf-9990305aaf7b"}}
{"__type":"$$EventMessageConfirm","confirm":"47130e87-0102-49c5-9c7d-ccf1ffcee718","ts":"2026-05-02T20:09:58.239-04:00","source":{"id":"0","name":"eventBus"}}
{"__type":"$$EventMessageNode","id":"188128c6-3c24-400e-9313-b5c16b577638","ts":"2026-05-02T20:09:58.240-04:00","eventName":"n8n.node.started","message":"n8n.node.started","payload":{"workflowId":"WH2GL8ExBSOWYzMP","workflowName":"My workflow","executionId":"11","nodeType":"n8n-nodes-base.googleDrive","nodeName":"Download file","nodeId":"bb1763ec-f4b5-4c7e-8484-967df163479c"}}
{"__type":"$$EventMessageConfirm","confirm":"188128c6-3c24-400e-9313-b5c16b577638","ts":"2026-05-02T20:09:58.240-04:00","source":{"id":"0","name":"eventBus"}}
{"__type":"$$EventMessageNode","id":"90515eb9-13e7-4171-b0c9-cbba00bce5b5","ts":"2026-05-02T20:09:58.930-04:00","eventName":"n8n.node.finished","message":"n8n.node.finished","payload":{"workflowId":"WH2GL8ExBSOWYzMP","workflowName":"My workflow","executionId":"11","nodeType":"n8n-nodes-base.googleDrive","nodeName":"Download file","nodeId":"bb1763ec-f4b5-4c7e-8484-967df163479c"}}
{"__type":"$$EventMessageConfirm","confirm":"90515eb9-13e7-4171-b0c9-cbba00bce5b5","ts":"2026-05-02T20:09:58.930-04:00","source":{"id":"0","name":"eventBus"}}
{"__type":"$$EventMessageNode","id":"ce71c29b-2e60-4f75-bb8b-3572ec0b4ffd","ts":"2026-05-02T20:09:58.931-04:00","eventName":"n8n.node.started","message":"n8n.node.started","payload":{"workflowId":"WH2GL8ExBSOWYzMP","workflowName":"My workflow","executionId":"11","nodeType":"n8n-nodes-base.httpRequest","nodeName":"HTTP Request","nodeId":"88d1259b-9996-49d2-b664-a7c00f189826"}}
{"__type":"$$EventMessageConfirm","confirm":"ce71c29b-2e60-4f75-bb8b-3572ec0b4ffd","ts":"2026-05-02T20:09:58.931-04:00","source":{"id":"0","name":"eventBus"}}
{"__type":"$$EventMessageNode","id":"6275e951-7f8f-402c-8b7d-9f912101feb5","ts":"2026-05-02T20:09:59.928-04:00","eventName":"n8n.node.finished","message":"n8n.node.finished","payload":{"workflowId":"WH2GL8ExBSOWYzMP","workflowName":"My workflow","executionId":"11","nodeType":"n8n-nodes-base.httpRequest","nodeName":"HTTP Request","nodeId":"88d1259b-9996-49d2-b664-a7c00f189826"}}
{"__type":"$$EventMessageConfirm","confirm":"6275e951-7f8f-402c-8b7d-9f912101feb5","ts":"2026-05-02T20:09:59.928-04:00","source":{"id":"0","name":"eventBus"}}
{"__type":"$$EventMessageNode","id":"237c7e53-6c00-4ffb-9a6f-8936a9fa4aa1","ts":"2026-05-02T20:09:59.929-04:00","eventName":"n8n.node.started","message":"n8n.node.started","payload":{"workflowId":"WH2GL8ExBSOWYzMP","workflowName":"My workflow","executionId":"11","nodeType":"n8n-nodes-base.googleSheets","nodeName":"Get row(s) in sheet","nodeId":"3c08714e-3099-4068-9527-2d9871f71073"}}
{"__type":"$$EventMessageConfirm","confirm":"237c7e53-6c00-4ffb-9a6f-8936a9fa4aa1","ts":"2026-05-02T20:09:59.929-04:00","source":{"id":"0","name":"eventBus"}}
{"__type":"$$EventMessageNode","id":"611dac39-9dde-4068-8396-71a20a8ba264","ts":"2026-05-02T20:10:00.286-04:00","eventName":"n8n.node.finished","message":"n8n.node.finished","payload":{"workflowId":"WH2GL8ExBSOWYzMP","workflowName":"My workflow","executionId":"11","nodeType":"n8n-nodes-base.googleSheets","nodeName":"Get row(s) in sheet","nodeId":"3c08714e-3099-4068-9527-2d9871f71073"}}
{"__type":"$$EventMessageConfirm","confirm":"611dac39-9dde-4068-8396-71a20a8ba264","ts":"2026-05-02T20:10:00.286-04:00","source":{"id":"0","name":"eventBus"}}
{"__type":"$$EventMessageWorkflow","id":"971159ea-86f1-4789-aa73-1165a2fc604f","ts":"2026-05-02T20:10:00.288-04:00","eventName":"n8n.workflow.failed","message":"n8n.workflow.failed","payload":{"userId":"8759ff25-d76b-4b0e-93b3-3d9d283d6775","executionId":"11","success":false,"isManual":true,"mode":"manual","workflowId":"WH2GL8ExBSOWYzMP","workflowName":"My workflow","lastNodeExecuted":"Get row(s) in sheet","errorNodeType":"n8n-nodes-base.googleSheets","errorMessage":"Sheet with name key not found"}}
{"__type":"$$EventMessageConfirm","confirm":"971159ea-86f1-4789-aa73-1165a2fc604f","ts":"2026-05-02T20:10:00.288-04:00","source":{"id":"0","name":"eventBus"}}
{"__type":"$$EventMessageAudit","id":"979bb8df-8416-4810-846c-e08f195760af","ts":"2026-05-02T20:10:15.990-04:00","eventName":"n8n.audit.workflow.updated","message":"n8n.audit.workflow.updated","payload":{"userId":"8759ff25-d76b-4b0e-93b3-3d9d283d6775","_email":"benluong1802@gmail.com","_firstName":"Ben","_lastName":"Luong","globalRole":"global:owner","workflowId":"WH2GL8ExBSOWYzMP","workflowName":"My workflow"}}
{"__type":"$$EventMessageConfirm","confirm":"979bb8df-8416-4810-846c-e08f195760af","ts":"2026-05-02T20:10:15.990-04:00","source":{"id":"0","name":"eventBus"}}
{"__type":"$$EventMessageAudit","id":"188abefb-ec7c-47ca-9720-66913fe494e8","ts":"2026-05-02T20:10:16.081-04:00","eventName":"n8n.audit.workflow.executed","message":"n8n.audit.workflow.executed","payload":{"userId":"8759ff25-d76b-4b0e-93b3-3d9d283d6775","_email":"benluong1802@gmail.com","_firstName":"Ben","_lastName":"Luong","globalRole":"global:owner","workflowId":"WH2GL8ExBSOWYzMP","workflowName":"My workflow","executionId":"12","source":"user-manual"}}
{"__type":"$$EventMessageConfirm","confirm":"188abefb-ec7c-47ca-9720-66913fe494e8","ts":"2026-05-02T20:10:16.081-04:00","source":{"id":"0","name":"eventBus"}}
{"__type":"$$EventMessageWorkflow","id":"bfb87182-07b1-4787-b65e-56c359fb5629","ts":"2026-05-02T20:10:16.081-04:00","eventName":"n8n.workflow.started","message":"n8n.workflow.started","payload":{"executionId":"12","workflowId":"WH2GL8ExBSOWYzMP","isManual":false,"mode":"manual","workflowName":"My workflow"}}
{"__type":"$$EventMessageConfirm","confirm":"bfb87182-07b1-4787-b65e-56c359fb5629","ts":"2026-05-02T20:10:16.081-04:00","source":{"id":"0","name":"eventBus"}}
{"__type":"$$EventMessageNode","id":"60bd9ad0-305d-44db-a5a8-b2192a185a68","ts":"2026-05-02T20:10:16.099-04:00","eventName":"n8n.node.started","message":"n8n.node.started","payload":{"workflowId":"WH2GL8ExBSOWYzMP","workflowName":"My workflow","executionId":"12","nodeType":"n8n-nodes-base.googleSheets","nodeName":"Get row(s) in sheet","nodeId":"3c08714e-3099-4068-9527-2d9871f71073"}}
{"__type":"$$EventMessageConfirm","confirm":"60bd9ad0-305d-44db-a5a8-b2192a185a68","ts":"2026-05-02T20:10:16.099-04:00","source":{"id":"0","name":"eventBus"}}
{"__type":"$$EventMessageNode","id":"26f16acf-6c76-4287-beb2-74d9d2f9ab9a","ts":"2026-05-02T20:10:16.284-04:00","eventName":"n8n.node.finished","message":"n8n.node.finished","payload":{"workflowId":"WH2GL8ExBSOWYzMP","workflowName":"My workflow","executionId":"12","nodeType":"n8n-nodes-base.googleSheets","nodeName":"Get row(s) in sheet","nodeId":"3c08714e-3099-4068-9527-2d9871f71073"}}
{"__type":"$$EventMessageConfirm","confirm":"26f16acf-6c76-4287-beb2-74d9d2f9ab9a","ts":"2026-05-02T20:10:16.284-04:00","source":{"id":"0","name":"eventBus"}}
{"__type":"$$EventMessageWorkflow","id":"24742362-6a6d-45d7-8ca1-cc3777ce83a5","ts":"2026-05-02T20:10:16.286-04:00","eventName":"n8n.workflow.failed","message":"n8n.workflow.failed","payload":{"userId":"8759ff25-d76b-4b0e-93b3-3d9d283d6775","executionId":"12","success":false,"isManual":true,"mode":"manual","workflowId":"WH2GL8ExBSOWYzMP","workflowName":"My workflow","lastNodeExecuted":"Get row(s) in sheet","errorNodeType":"n8n-nodes-base.googleSheets","errorMessage":"Sheet with ID key not found"}}
{"__type":"$$EventMessageConfirm","confirm":"24742362-6a6d-45d7-8ca1-cc3777ce83a5","ts":"2026-05-02T20:10:16.286-04:00","source":{"id":"0","name":"eventBus"}}
{"__type":"$$EventMessageAudit","id":"5eb21576-6481-4077-acb3-83c2e4f92cc0","ts":"2026-05-02T20:10:16.659-04:00","eventName":"n8n.audit.workflow.updated","message":"n8n.audit.workflow.updated","payload":{"userId":"8759ff25-d76b-4b0e-93b3-3d9d283d6775","_email":"benluong1802@gmail.com","_firstName":"Ben","_lastName":"Luong","globalRole":"global:owner","workflowId":"WH2GL8ExBSOWYzMP","workflowName":"My workflow"}}
{"__type":"$$EventMessageConfirm","confirm":"5eb21576-6481-4077-acb3-83c2e4f92cc0","ts":"2026-05-02T20:10:16.659-04:00","source":{"id":"0","name":"eventBus"}}
{"__type":"$$EventMessageAudit","id":"621df0f0-03c6-4ef3-9fde-80b566791b65","ts":"2026-05-02T20:10:24.720-04:00","eventName":"n8n.audit.workflow.updated","message":"n8n.audit.workflow.updated","payload":{"userId":"8759ff25-d76b-4b0e-93b3-3d9d283d6775","_email":"benluong1802@gmail.com","_firstName":"Ben","_lastName":"Luong","globalRole":"global:owner","workflowId":"WH2GL8ExBSOWYzMP","workflowName":"My workflow"}}
{"__type":"$$EventMessageConfirm","confirm":"621df0f0-03c6-4ef3-9fde-80b566791b65","ts":"2026-05-02T20:10:24.721-04:00","source":{"id":"0","name":"eventBus"}}
{"__type":"$$EventMessageAudit","id":"45f2e626-5aaa-4cc1-baf2-7b1596b50010","ts":"2026-05-02T20:12:13.616-04:00","eventName":"n8n.audit.workflow.updated","message":"n8n.audit.workflow.updated","payload":{"userId":"8759ff25-d76b-4b0e-93b3-3d9d283d6775","_email":"benluong1802@gmail.com","_firstName":"Ben","_lastName":"Luong","globalRole":"global:owner","workflowId":"WH2GL8ExBSOWYzMP","workflowName":"My workflow"}}
{"__type":"$$EventMessageConfirm","confirm":"45f2e626-5aaa-4cc1-baf2-7b1596b50010","ts":"2026-05-02T20:12:13.616-04:00","source":{"id":"0","name":"eventBus"}}
{"__type":"$$EventMessageAudit","id":"a4a4c933-78d8-46a6-ae6d-a15760de129b","ts":"2026-05-02T20:12:13.979-04:00","eventName":"n8n.audit.workflow.executed","message":"n8n.audit.workflow.executed","payload":{"userId":"8759ff25-d76b-4b0e-93b3-3d9d283d6775","_email":"benluong1802@gmail.com","_firstName":"Ben","_lastName":"Luong","globalRole":"global:owner","workflowId":"WH2GL8ExBSOWYzMP","workflowName":"My workflow","executionId":"13","source":"user-manual"}}
{"__type":"$$EventMessageConfirm","confirm":"a4a4c933-78d8-46a6-ae6d-a15760de129b","ts":"2026-05-02T20:12:13.979-04:00","source":{"id":"0","name":"eventBus"}}
{"__type":"$$EventMessageWorkflow","id":"5d8bd40f-dda6-4fa8-862d-92894601e9a8","ts":"2026-05-02T20:12:13.979-04:00","eventName":"n8n.workflow.started","message":"n8n.workflow.started","payload":{"executionId":"13","workflowId":"WH2GL8ExBSOWYzMP","isManual":false,"mode":"manual","workflowName":"My workflow"}}
{"__type":"$$EventMessageConfirm","confirm":"5d8bd40f-dda6-4fa8-862d-92894601e9a8","ts":"2026-05-02T20:12:13.979-04:00","source":{"id":"0","name":"eventBus"}}
{"__type":"$$EventMessageNode","id":"18ebc0b4-4ff7-42f9-94de-582240b506eb","ts":"2026-05-02T20:12:13.992-04:00","eventName":"n8n.node.started","message":"n8n.node.started","payload":{"workflowId":"WH2GL8ExBSOWYzMP","workflowName":"My workflow","executionId":"13","nodeType":"n8n-nodes-base.googleSheets","nodeName":"Get row(s) in sheet","nodeId":"3c08714e-3099-4068-9527-2d9871f71073"}}
{"__type":"$$EventMessageConfirm","confirm":"18ebc0b4-4ff7-42f9-94de-582240b506eb","ts":"2026-05-02T20:12:13.992-04:00","source":{"id":"0","name":"eventBus"}}
{"__type":"$$EventMessageNode","id":"63f05a3f-ffd8-499b-98d5-f20e1fb088ce","ts":"2026-05-02T20:12:14.141-04:00","eventName":"n8n.node.finished","message":"n8n.node.finished","payload":{"workflowId":"WH2GL8ExBSOWYzMP","workflowName":"My workflow","executionId":"13","nodeType":"n8n-nodes-base.googleSheets","nodeName":"Get row(s) in sheet","nodeId":"3c08714e-3099-4068-9527-2d9871f71073"}}
{"__type":"$$EventMessageConfirm","confirm":"63f05a3f-ffd8-499b-98d5-f20e1fb088ce","ts":"2026-05-02T20:12:14.141-04:00","source":{"id":"0","name":"eventBus"}}
{"__type":"$$EventMessageWorkflow","id":"c73bb8f6-7f0c-4267-b381-7a894d4a9687","ts":"2026-05-02T20:12:14.143-04:00","eventName":"n8n.workflow.failed","message":"n8n.workflow.failed","payload":{"userId":"8759ff25-d76b-4b0e-93b3-3d9d283d6775","executionId":"13","success":false,"isManual":true,"mode":"manual","workflowId":"WH2GL8ExBSOWYzMP","workflowName":"My workflow","lastNodeExecuted":"Get row(s) in sheet","errorNodeType":"n8n-nodes-base.googleSheets","errorMessage":"Sheet with name sheet1 not found"}}
{"__type":"$$EventMessageConfirm","confirm":"c73bb8f6-7f0c-4267-b381-7a894d4a9687","ts":"2026-05-02T20:12:14.143-04:00","source":{"id":"0","name":"eventBus"}}
{"__type":"$$EventMessageAudit","id":"3cdbce89-18a5-4507-8daf-c4a8a53773aa","ts":"2026-05-02T20:12:22.121-04:00","eventName":"n8n.audit.workflow.updated","message":"n8n.audit.workflow.updated","payload":{"userId":"8759ff25-d76b-4b0e-93b3-3d9d283d6775","_email":"benluong1802@gmail.com","_firstName":"Ben","_lastName":"Luong","globalRole":"global:owner","workflowId":"WH2GL8ExBSOWYzMP","workflowName":"My workflow"}}
{"__type":"$$EventMessageConfirm","confirm":"3cdbce89-18a5-4507-8daf-c4a8a53773aa","ts":"2026-05-02T20:12:22.122-04:00","source":{"id":"0","name":"eventBus"}}
{"__type":"$$EventMessageAudit","id":"e47aea6f-2a08-4f1f-81a8-02c7b58e8fbf","ts":"2026-05-02T20:12:22.185-04:00","eventName":"n8n.audit.workflow.updated","message":"n8n.audit.workflow.updated","payload":{"userId":"8759ff25-d76b-4b0e-93b3-3d9d283d6775","_email":"benluong1802@gmail.com","_firstName":"Ben","_lastName":"Luong","globalRole":"global:owner","workflowId":"WH2GL8ExBSOWYzMP","workflowName":"My workflow"}}
{"__type":"$$EventMessageConfirm","confirm":"e47aea6f-2a08-4f1f-81a8-02c7b58e8fbf","ts":"2026-05-02T20:12:22.185-04:00","source":{"id":"0","name":"eventBus"}}
{"__type":"$$EventMessageAudit","id":"c679c6e6-6e7f-4ac5-a2ef-4cb9f1912a5c","ts":"2026-05-02T20:12:22.259-04:00","eventName":"n8n.audit.workflow.executed","message":"n8n.audit.workflow.executed","payload":{"userId":"8759ff25-d76b-4b0e-93b3-3d9d283d6775","_email":"benluong1802@gmail.com","_firstName":"Ben","_lastName":"Luong","globalRole":"global:owner","workflowId":"WH2GL8ExBSOWYzMP","workflowName":"My workflow","executionId":"14","source":"user-manual"}}
{"__type":"$$EventMessageConfirm","confirm":"c679c6e6-6e7f-4ac5-a2ef-4cb9f1912a5c","ts":"2026-05-02T20:12:22.260-04:00","source":{"id":"0","name":"eventBus"}}
{"__type":"$$EventMessageWorkflow","id":"a8338c54-9410-4e9c-af45-5a0735754547","ts":"2026-05-02T20:12:22.260-04:00","eventName":"n8n.workflow.started","message":"n8n.workflow.started","payload":{"executionId":"14","workflowId":"WH2GL8ExBSOWYzMP","isManual":false,"mode":"manual","workflowName":"My workflow"}}
{"__type":"$$EventMessageConfirm","confirm":"a8338c54-9410-4e9c-af45-5a0735754547","ts":"2026-05-02T20:12:22.260-04:00","source":{"id":"0","name":"eventBus"}}
{"__type":"$$EventMessageNode","id":"858b4a0d-1693-4f15-9ce0-0386d6169f80","ts":"2026-05-02T20:12:22.274-04:00","eventName":"n8n.node.started","message":"n8n.node.started","payload":{"workflowId":"WH2GL8ExBSOWYzMP","workflowName":"My workflow","executionId":"14","nodeType":"n8n-nodes-base.googleSheets","nodeName":"Get row(s) in sheet","nodeId":"3c08714e-3099-4068-9527-2d9871f71073"}}
{"__type":"$$EventMessageConfirm","confirm":"858b4a0d-1693-4f15-9ce0-0386d6169f80","ts":"2026-05-02T20:12:22.274-04:00","source":{"id":"0","name":"eventBus"}}
{"__type":"$$EventMessageNode","id":"08d5ff58-f7f9-4d90-a1e4-e114096109c4","ts":"2026-05-02T20:12:22.590-04:00","eventName":"n8n.node.finished","message":"n8n.node.finished","payload":{"workflowId":"WH2GL8ExBSOWYzMP","workflowName":"My workflow","executionId":"14","nodeType":"n8n-nodes-base.googleSheets","nodeName":"Get row(s) in sheet","nodeId":"3c08714e-3099-4068-9527-2d9871f71073"}}
{"__type":"$$EventMessageConfirm","confirm":"08d5ff58-f7f9-4d90-a1e4-e114096109c4","ts":"2026-05-02T20:12:22.590-04:00","source":{"id":"0","name":"eventBus"}}
{"__type":"$$EventMessageWorkflow","id":"c801dcd1-9f39-4c3d-9e91-61cc2f11d43f","ts":"2026-05-02T20:12:22.592-04:00","eventName":"n8n.workflow.failed","message":"n8n.workflow.failed","payload":{"userId":"8759ff25-d76b-4b0e-93b3-3d9d283d6775","executionId":"14","success":false,"isManual":true,"mode":"manual","workflowId":"WH2GL8ExBSOWYzMP","workflowName":"My workflow","lastNodeExecuted":"Get row(s) in sheet","errorNodeType":"n8n-nodes-base.googleSheets","errorMessage":"The column \"\" could not be found"}}
{"__type":"$$EventMessageConfirm","confirm":"c801dcd1-9f39-4c3d-9e91-61cc2f11d43f","ts":"2026-05-02T20:12:22.592-04:00","source":{"id":"0","name":"eventBus"}}
{"__type":"$$EventMessageAudit","id":"b6f60d2c-82bf-49aa-b5a9-9bcaf00d9cfe","ts":"2026-05-02T20:12:30.255-04:00","eventName":"n8n.audit.workflow.updated","message":"n8n.audit.workflow.updated","payload":{"userId":"8759ff25-d76b-4b0e-93b3-3d9d283d6775","_email":"benluong1802@gmail.com","_firstName":"Ben","_lastName":"Luong","globalRole":"global:owner","workflowId":"WH2GL8ExBSOWYzMP","workflowName":"My workflow"}}
{"__type":"$$EventMessageConfirm","confirm":"b6f60d2c-82bf-49aa-b5a9-9bcaf00d9cfe","ts":"2026-05-02T20:12:30.255-04:00","source":{"id":"0","name":"eventBus"}}
{"__type":"$$EventMessageAudit","id":"ae3069c8-7bbc-4510-a91b-2d6b09133b8f","ts":"2026-05-02T20:12:30.825-04:00","eventName":"n8n.audit.workflow.executed","message":"n8n.audit.workflow.executed","payload":{"userId":"8759ff25-d76b-4b0e-93b3-3d9d283d6775","_email":"benluong1802@gmail.com","_firstName":"Ben","_lastName":"Luong","globalRole":"global:owner","workflowId":"WH2GL8ExBSOWYzMP","workflowName":"My workflow","executionId":"15","source":"user-manual"}}
{"__type":"$$EventMessageConfirm","confirm":"ae3069c8-7bbc-4510-a91b-2d6b09133b8f","ts":"2026-05-02T20:12:30.825-04:00","source":{"id":"0","name":"eventBus"}}
{"__type":"$$EventMessageWorkflow","id":"e340bee6-7beb-4d90-bfec-bde04db6b3ca","ts":"2026-05-02T20:12:30.825-04:00","eventName":"n8n.workflow.started","message":"n8n.workflow.started","payload":{"executionId":"15","workflowId":"WH2GL8ExBSOWYzMP","isManual":false,"mode":"manual","workflowName":"My workflow"}}
{"__type":"$$EventMessageConfirm","confirm":"e340bee6-7beb-4d90-bfec-bde04db6b3ca","ts":"2026-05-02T20:12:30.825-04:00","source":{"id":"0","name":"eventBus"}}
{"__type":"$$EventMessageNode","id":"e9e62bb8-9f4e-48ad-92c1-1cc979f6679e","ts":"2026-05-02T20:12:30.837-04:00","eventName":"n8n.node.started","message":"n8n.node.started","payload":{"workflowId":"WH2GL8ExBSOWYzMP","workflowName":"My workflow","executionId":"15","nodeType":"n8n-nodes-base.googleSheets","nodeName":"Get row(s) in sheet","nodeId":"3c08714e-3099-4068-9527-2d9871f71073"}}
{"__type":"$$EventMessageConfirm","confirm":"e9e62bb8-9f4e-48ad-92c1-1cc979f6679e","ts":"2026-05-02T20:12:30.837-04:00","source":{"id":"0","name":"eventBus"}}
{"__type":"$$EventMessageNode","id":"9a3b781c-e355-43ed-969f-f6a7bff12b05","ts":"2026-05-02T20:12:31.185-04:00","eventName":"n8n.node.finished","message":"n8n.node.finished","payload":{"workflowId":"WH2GL8ExBSOWYzMP","workflowName":"My workflow","executionId":"15","nodeType":"n8n-nodes-base.googleSheets","nodeName":"Get row(s) in sheet","nodeId":"3c08714e-3099-4068-9527-2d9871f71073"}}
{"__type":"$$EventMessageConfirm","confirm":"9a3b781c-e355-43ed-969f-f6a7bff12b05","ts":"2026-05-02T20:12:31.185-04:00","source":{"id":"0","name":"eventBus"}}
{"__type":"$$EventMessageWorkflow","id":"b5c7cc0f-a104-4c6b-8c3e-20f5de6e8afb","ts":"2026-05-02T20:12:31.187-04:00","eventName":"n8n.workflow.success","message":"n8n.workflow.success","payload":{"userId":"8759ff25-d76b-4b0e-93b3-3d9d283d6775","executionId":"15","success":true,"isManual":true,"mode":"manual","workflowId":"WH2GL8ExBSOWYzMP","workflowName":"My workflow"}}
{"__type":"$$EventMessageConfirm","confirm":"b5c7cc0f-a104-4c6b-8c3e-20f5de6e8afb","ts":"2026-05-02T20:12:31.187-04:00","source":{"id":"0","name":"eventBus"}}
{"__type":"$$EventMessageAudit","id":"feea8fa0-8ad4-4f70-a2cb-3e3b44948621","ts":"2026-05-02T20:12:42.895-04:00","eventName":"n8n.audit.workflow.updated","message":"n8n.audit.workflow.updated","payload":{"userId":"8759ff25-d76b-4b0e-93b3-3d9d283d6775","_email":"benluong1802@gmail.com","_firstName":"Ben","_lastName":"Luong","globalRole":"global:owner","workflowId":"WH2GL8ExBSOWYzMP","workflowName":"My workflow"}}
{"__type":"$$EventMessageConfirm","confirm":"feea8fa0-8ad4-4f70-a2cb-3e3b44948621","ts":"2026-05-02T20:12:42.895-04:00","source":{"id":"0","name":"eventBus"}}
{"__type":"$$EventMessageAudit","id":"c8c19001-90d5-46ee-8ae7-6a4a6e8eee89","ts":"2026-05-02T20:12:47.128-04:00","eventName":"n8n.audit.workflow.updated","message":"n8n.audit.workflow.updated","payload":{"userId":"8759ff25-d76b-4b0e-93b3-3d9d283d6775","_email":"benluong1802@gmail.com","_firstName":"Ben","_lastName":"Luong","globalRole":"global:owner","workflowId":"WH2GL8ExBSOWYzMP","workflowName":"My workflow"}}
{"__type":"$$EventMessageConfirm","confirm":"c8c19001-90d5-46ee-8ae7-6a4a6e8eee89","ts":"2026-05-02T20:12:47.128-04:00","source":{"id":"0","name":"eventBus"}}
{"__type":"$$EventMessageAudit","id":"f22def0a-5128-43dc-ace0-01298cff68ca","ts":"2026-05-02T20:12:50.638-04:00","eventName":"n8n.audit.workflow.updated","message":"n8n.audit.workflow.updated","payload":{"userId":"8759ff25-d76b-4b0e-93b3-3d9d283d6775","_email":"benluong1802@gmail.com","_firstName":"Ben","_lastName":"Luong","globalRole":"global:owner","workflowId":"WH2GL8ExBSOWYzMP","workflowName":"My workflow"}}
{"__type":"$$EventMessageConfirm","confirm":"f22def0a-5128-43dc-ace0-01298cff68ca","ts":"2026-05-02T20:12:50.638-04:00","source":{"id":"0","name":"eventBus"}}
{"__type":"$$EventMessageAudit","id":"b0aaa557-9dcb-4719-8cd7-aabe85db2d1e","ts":"2026-05-02T20:12:51.435-04:00","eventName":"n8n.audit.workflow.executed","message":"n8n.audit.workflow.executed","payload":{"userId":"8759ff25-d76b-4b0e-93b3-3d9d283d6775","_email":"benluong1802@gmail.com","_firstName":"Ben","_lastName":"Luong","globalRole":"global:owner","workflowId":"WH2GL8ExBSOWYzMP","workflowName":"My workflow","executionId":"16","source":"user-manual"}}
{"__type":"$$EventMessageConfirm","confirm":"b0aaa557-9dcb-4719-8cd7-aabe85db2d1e","ts":"2026-05-02T20:12:51.435-04:00","source":{"id":"0","name":"eventBus"}}
{"__type":"$$EventMessageWorkflow","id":"79f8a9af-eff3-41a7-a774-189b4fb4f98c","ts":"2026-05-02T20:12:51.435-04:00","eventName":"n8n.workflow.started","message":"n8n.workflow.started","payload":{"executionId":"16","workflowId":"WH2GL8ExBSOWYzMP","isManual":false,"mode":"manual","workflowName":"My workflow"}}
{"__type":"$$EventMessageConfirm","confirm":"79f8a9af-eff3-41a7-a774-189b4fb4f98c","ts":"2026-05-02T20:12:51.435-04:00","source":{"id":"0","name":"eventBus"}}
{"__type":"$$EventMessageNode","id":"f3487949-b3ab-4384-bfc3-4a16d53b1d87","ts":"2026-05-02T20:12:51.448-04:00","eventName":"n8n.node.started","message":"n8n.node.started","payload":{"workflowId":"WH2GL8ExBSOWYzMP","workflowName":"My workflow","executionId":"16","nodeType":"n8n-nodes-base.gmail","nodeName":"Send a message","nodeId":"85450820-5b00-4699-bca3-84839a75101f"}}
{"__type":"$$EventMessageConfirm","confirm":"f3487949-b3ab-4384-bfc3-4a16d53b1d87","ts":"2026-05-02T20:12:51.448-04:00","source":{"id":"0","name":"eventBus"}}
{"__type":"$$EventMessageNode","id":"35607668-e615-432c-ae49-64cdce6d2b58","ts":"2026-05-02T20:12:51.847-04:00","eventName":"n8n.node.finished","message":"n8n.node.finished","payload":{"workflowId":"WH2GL8ExBSOWYzMP","workflowName":"My workflow","executionId":"16","nodeType":"n8n-nodes-base.gmail","nodeName":"Send a message","nodeId":"85450820-5b00-4699-bca3-84839a75101f"}}
{"__type":"$$EventMessageConfirm","confirm":"35607668-e615-432c-ae49-64cdce6d2b58","ts":"2026-05-02T20:12:51.848-04:00","source":{"id":"0","name":"eventBus"}}
{"__type":"$$EventMessageWorkflow","id":"1a5e416a-50dd-4b7f-894d-ab062d1a2f68","ts":"2026-05-02T20:12:51.849-04:00","eventName":"n8n.workflow.success","message":"n8n.workflow.success","payload":{"userId":"8759ff25-d76b-4b0e-93b3-3d9d283d6775","executionId":"16","success":true,"isManual":true,"mode":"manual","workflowId":"WH2GL8ExBSOWYzMP","workflowName":"My workflow"}}
{"__type":"$$EventMessageConfirm","confirm":"1a5e416a-50dd-4b7f-894d-ab062d1a2f68","ts":"2026-05-02T20:12:51.849-04:00","source":{"id":"0","name":"eventBus"}}
{"__type":"$$EventMessageAudit","id":"f5e5772c-3e66-4569-b7ff-8480df8320f1","ts":"2026-05-02T20:13:38.072-04:00","eventName":"n8n.audit.workflow.executed","message":"n8n.audit.workflow.executed","payload":{"userId":"8759ff25-d76b-4b0e-93b3-3d9d283d6775","_email":"benluong1802@gmail.com","_firstName":"Ben","_lastName":"Luong","globalRole":"global:owner","workflowId":"WH2GL8ExBSOWYzMP","workflowName":"My workflow","executionId":"17","source":"user-manual"}}
{"__type":"$$EventMessageConfirm","confirm":"f5e5772c-3e66-4569-b7ff-8480df8320f1","ts":"2026-05-02T20:13:38.072-04:00","source":{"id":"0","name":"eventBus"}}
{"__type":"$$EventMessageWorkflow","id":"7f422bdb-89b0-457c-8c61-8bd63b84acd2","ts":"2026-05-02T20:13:38.072-04:00","eventName":"n8n.workflow.started","message":"n8n.workflow.started","payload":{"executionId":"17","workflowId":"WH2GL8ExBSOWYzMP","isManual":false,"mode":"manual","workflowName":"My workflow"}}
{"__type":"$$EventMessageConfirm","confirm":"7f422bdb-89b0-457c-8c61-8bd63b84acd2","ts":"2026-05-02T20:13:38.072-04:00","source":{"id":"0","name":"eventBus"}}
{"__type":"$$EventMessageNode","id":"241ad6fb-a971-4981-8137-7999c16761d3","ts":"2026-05-02T20:13:38.082-04:00","eventName":"n8n.node.started","message":"n8n.node.started","payload":{"workflowId":"WH2GL8ExBSOWYzMP","workflowName":"My workflow","executionId":"17","nodeType":"n8n-nodes-base.googleDriveTrigger","nodeName":"Google Drive Trigger","nodeId":"12f3c977-afcb-4569-86bf-9990305aaf7b"}}
{"__type":"$$EventMessageConfirm","confirm":"241ad6fb-a971-4981-8137-7999c16761d3","ts":"2026-05-02T20:13:38.082-04:00","source":{"id":"0","name":"eventBus"}}
{"__type":"$$EventMessageNode","id":"1ea4ede5-5679-45be-baf3-b3f6a15051bb","ts":"2026-05-02T20:13:38.328-04:00","eventName":"n8n.node.finished","message":"n8n.node.finished","payload":{"workflowId":"WH2GL8ExBSOWYzMP","workflowName":"My workflow","executionId":"17","nodeType":"n8n-nodes-base.googleDriveTrigger","nodeName":"Google Drive Trigger","nodeId":"12f3c977-afcb-4569-86bf-9990305aaf7b"}}
{"__type":"$$EventMessageConfirm","confirm":"1ea4ede5-5679-45be-baf3-b3f6a15051bb","ts":"2026-05-02T20:13:38.328-04:00","source":{"id":"0","name":"eventBus"}}
{"__type":"$$EventMessageNode","id":"ac747d1a-b4b3-4601-ab14-42c71e077c94","ts":"2026-05-02T20:13:38.329-04:00","eventName":"n8n.node.started","message":"n8n.node.started","payload":{"workflowId":"WH2GL8ExBSOWYzMP","workflowName":"My workflow","executionId":"17","nodeType":"n8n-nodes-base.googleDrive","nodeName":"Download file","nodeId":"bb1763ec-f4b5-4c7e-8484-967df163479c"}}
{"__type":"$$EventMessageConfirm","confirm":"ac747d1a-b4b3-4601-ab14-42c71e077c94","ts":"2026-05-02T20:13:38.330-04:00","source":{"id":"0","name":"eventBus"}}
{"__type":"$$EventMessageNode","id":"f351fa0d-3304-40cd-a692-f4b314014c2e","ts":"2026-05-02T20:13:39.031-04:00","eventName":"n8n.node.finished","message":"n8n.node.finished","payload":{"workflowId":"WH2GL8ExBSOWYzMP","workflowName":"My workflow","executionId":"17","nodeType":"n8n-nodes-base.googleDrive","nodeName":"Download file","nodeId":"bb1763ec-f4b5-4c7e-8484-967df163479c"}}
{"__type":"$$EventMessageConfirm","confirm":"f351fa0d-3304-40cd-a692-f4b314014c2e","ts":"2026-05-02T20:13:39.031-04:00","source":{"id":"0","name":"eventBus"}}
{"__type":"$$EventMessageNode","id":"23e4be49-0088-45cb-b375-830d10106a1d","ts":"2026-05-02T20:13:39.031-04:00","eventName":"n8n.node.started","message":"n8n.node.started","payload":{"workflowId":"WH2GL8ExBSOWYzMP","workflowName":"My workflow","executionId":"17","nodeType":"n8n-nodes-base.httpRequest","nodeName":"HTTP Request","nodeId":"88d1259b-9996-49d2-b664-a7c00f189826"}}
{"__type":"$$EventMessageConfirm","confirm":"23e4be49-0088-45cb-b375-830d10106a1d","ts":"2026-05-02T20:13:39.031-04:00","source":{"id":"0","name":"eventBus"}}
{"__type":"$$EventMessageNode","id":"c08483c5-2786-4f09-bc49-bcea01ca5a61","ts":"2026-05-02T20:13:39.947-04:00","eventName":"n8n.node.finished","message":"n8n.node.finished","payload":{"workflowId":"WH2GL8ExBSOWYzMP","workflowName":"My workflow","executionId":"17","nodeType":"n8n-nodes-base.httpRequest","nodeName":"HTTP Request","nodeId":"88d1259b-9996-49d2-b664-a7c00f189826"}}
{"__type":"$$EventMessageConfirm","confirm":"c08483c5-2786-4f09-bc49-bcea01ca5a61","ts":"2026-05-02T20:13:39.948-04:00","source":{"id":"0","name":"eventBus"}}
{"__type":"$$EventMessageNode","id":"b2ae96b6-ef51-441c-918a-3a7b68fc607e","ts":"2026-05-02T20:13:39.948-04:00","eventName":"n8n.node.started","message":"n8n.node.started","payload":{"workflowId":"WH2GL8ExBSOWYzMP","workflowName":"My workflow","executionId":"17","nodeType":"n8n-nodes-base.googleSheets","nodeName":"Get row(s) in sheet","nodeId":"3c08714e-3099-4068-9527-2d9871f71073"}}
{"__type":"$$EventMessageConfirm","confirm":"b2ae96b6-ef51-441c-918a-3a7b68fc607e","ts":"2026-05-02T20:13:39.948-04:00","source":{"id":"0","name":"eventBus"}}
{"__type":"$$EventMessageNode","id":"09953e41-686e-4bca-be64-74ad42292453","ts":"2026-05-02T20:13:40.282-04:00","eventName":"n8n.node.finished","message":"n8n.node.finished","payload":{"workflowId":"WH2GL8ExBSOWYzMP","workflowName":"My workflow","executionId":"17","nodeType":"n8n-nodes-base.googleSheets","nodeName":"Get row(s) in sheet","nodeId":"3c08714e-3099-4068-9527-2d9871f71073"}}
{"__type":"$$EventMessageConfirm","confirm":"09953e41-686e-4bca-be64-74ad42292453","ts":"2026-05-02T20:13:40.282-04:00","source":{"id":"0","name":"eventBus"}}
{"__type":"$$EventMessageNode","id":"8d7203f6-6fd2-4320-961e-eea9b5d41b5a","ts":"2026-05-02T20:13:40.282-04:00","eventName":"n8n.node.started","message":"n8n.node.started","payload":{"workflowId":"WH2GL8ExBSOWYzMP","workflowName":"My workflow","executionId":"17","nodeType":"n8n-nodes-base.gmail","nodeName":"Send a message","nodeId":"85450820-5b00-4699-bca3-84839a75101f"}}
{"__type":"$$EventMessageConfirm","confirm":"8d7203f6-6fd2-4320-961e-eea9b5d41b5a","ts":"2026-05-02T20:13:40.282-04:00","source":{"id":"0","name":"eventBus"}}
{"__type":"$$EventMessageNode","id":"62d449d5-bbeb-4ea3-b07a-f19085122403","ts":"2026-05-02T20:13:40.599-04:00","eventName":"n8n.node.finished","message":"n8n.node.finished","payload":{"workflowId":"WH2GL8ExBSOWYzMP","workflowName":"My workflow","executionId":"17","nodeType":"n8n-nodes-base.gmail","nodeName":"Send a message","nodeId":"85450820-5b00-4699-bca3-84839a75101f"}}
{"__type":"$$EventMessageConfirm","confirm":"62d449d5-bbeb-4ea3-b07a-f19085122403","ts":"2026-05-02T20:13:40.600-04:00","source":{"id":"0","name":"eventBus"}}
{"__type":"$$EventMessageWorkflow","id":"f568c9b6-7e21-483b-8cc8-22885bf413cb","ts":"2026-05-02T20:13:40.601-04:00","eventName":"n8n.workflow.success","message":"n8n.workflow.success","payload":{"userId":"8759ff25-d76b-4b0e-93b3-3d9d283d6775","executionId":"17","success":true,"isManual":true,"mode":"manual","workflowId":"WH2GL8ExBSOWYzMP","workflowName":"My workflow"}}
{"__type":"$$EventMessageConfirm","confirm":"f568c9b6-7e21-483b-8cc8-22885bf413cb","ts":"2026-05-02T20:13:40.601-04:00","source":{"id":"0","name":"eventBus"}}
{"__type":"$$EventMessageAudit","id":"8aa1d066-509f-4c15-9fc6-2868524d9a06","ts":"2026-05-02T20:14:12.293-04:00","eventName":"n8n.audit.workflow.executed","message":"n8n.audit.workflow.executed","payload":{"userId":"8759ff25-d76b-4b0e-93b3-3d9d283d6775","_email":"benluong1802@gmail.com","_firstName":"Ben","_lastName":"Luong","globalRole":"global:owner","workflowId":"WH2GL8ExBSOWYzMP","workflowName":"My workflow","executionId":"18","source":"user-manual"}}
{"__type":"$$EventMessageConfirm","confirm":"8aa1d066-509f-4c15-9fc6-2868524d9a06","ts":"2026-05-02T20:14:12.294-04:00","source":{"id":"0","name":"eventBus"}}
{"__type":"$$EventMessageWorkflow","id":"56019767-01f0-458a-a161-36aa3daeea73","ts":"2026-05-02T20:14:12.294-04:00","eventName":"n8n.workflow.started","message":"n8n.workflow.started","payload":{"executionId":"18","workflowId":"WH2GL8ExBSOWYzMP","isManual":false,"mode":"manual","workflowName":"My workflow"}}
{"__type":"$$EventMessageConfirm","confirm":"56019767-01f0-458a-a161-36aa3daeea73","ts":"2026-05-02T20:14:12.294-04:00","source":{"id":"0","name":"eventBus"}}
{"__type":"$$EventMessageNode","id":"3b806b2d-2988-4563-81ef-72af8307a44d","ts":"2026-05-02T20:14:12.304-04:00","eventName":"n8n.node.started","message":"n8n.node.started","payload":{"workflowId":"WH2GL8ExBSOWYzMP","workflowName":"My workflow","executionId":"18","nodeType":"n8n-nodes-base.googleDriveTrigger","nodeName":"Google Drive Trigger","nodeId":"12f3c977-afcb-4569-86bf-9990305aaf7b"}}
{"__type":"$$EventMessageConfirm","confirm":"3b806b2d-2988-4563-81ef-72af8307a44d","ts":"2026-05-02T20:14:12.304-04:00","source":{"id":"0","name":"eventBus"}}
{"__type":"$$EventMessageNode","id":"b26864d6-d88b-44a9-b349-1a4fd2c4b372","ts":"2026-05-02T20:14:12.535-04:00","eventName":"n8n.node.finished","message":"n8n.node.finished","payload":{"workflowId":"WH2GL8ExBSOWYzMP","workflowName":"My workflow","executionId":"18","nodeType":"n8n-nodes-base.googleDriveTrigger","nodeName":"Google Drive Trigger","nodeId":"12f3c977-afcb-4569-86bf-9990305aaf7b"}}
{"__type":"$$EventMessageConfirm","confirm":"b26864d6-d88b-44a9-b349-1a4fd2c4b372","ts":"2026-05-02T20:14:12.536-04:00","source":{"id":"0","name":"eventBus"}}
{"__type":"$$EventMessageNode","id":"aeda93ef-c449-42f0-937a-a9788415f622","ts":"2026-05-02T20:14:12.536-04:00","eventName":"n8n.node.started","message":"n8n.node.started","payload":{"workflowId":"WH2GL8ExBSOWYzMP","workflowName":"My workflow","executionId":"18","nodeType":"n8n-nodes-base.googleDrive","nodeName":"Download file","nodeId":"bb1763ec-f4b5-4c7e-8484-967df163479c"}}
{"__type":"$$EventMessageConfirm","confirm":"aeda93ef-c449-42f0-937a-a9788415f622","ts":"2026-05-02T20:14:12.536-04:00","source":{"id":"0","name":"eventBus"}}
{"__type":"$$EventMessageNode","id":"abcd7072-9bc4-45a0-909a-7240b696c132","ts":"2026-05-02T20:14:13.182-04:00","eventName":"n8n.node.finished","message":"n8n.node.finished","payload":{"workflowId":"WH2GL8ExBSOWYzMP","workflowName":"My workflow","executionId":"18","nodeType":"n8n-nodes-base.googleDrive","nodeName":"Download file","nodeId":"bb1763ec-f4b5-4c7e-8484-967df163479c"}}
{"__type":"$$EventMessageConfirm","confirm":"abcd7072-9bc4-45a0-909a-7240b696c132","ts":"2026-05-02T20:14:13.182-04:00","source":{"id":"0","name":"eventBus"}}
{"__type":"$$EventMessageNode","id":"0059050c-a3fb-40f8-8f28-ab4023e54bc3","ts":"2026-05-02T20:14:13.183-04:00","eventName":"n8n.node.started","message":"n8n.node.started","payload":{"workflowId":"WH2GL8ExBSOWYzMP","workflowName":"My workflow","executionId":"18","nodeType":"n8n-nodes-base.httpRequest","nodeName":"HTTP Request","nodeId":"88d1259b-9996-49d2-b664-a7c00f189826"}}
{"__type":"$$EventMessageConfirm","confirm":"0059050c-a3fb-40f8-8f28-ab4023e54bc3","ts":"2026-05-02T20:14:13.183-04:00","source":{"id":"0","name":"eventBus"}}
{"__type":"$$EventMessageNode","id":"90d98967-321b-4c4c-a77b-a609ea875bbc","ts":"2026-05-02T20:14:14.308-04:00","eventName":"n8n.node.finished","message":"n8n.node.finished","payload":{"workflowId":"WH2GL8ExBSOWYzMP","workflowName":"My workflow","executionId":"18","nodeType":"n8n-nodes-base.httpRequest","nodeName":"HTTP Request","nodeId":"88d1259b-9996-49d2-b664-a7c00f189826"}}
{"__type":"$$EventMessageConfirm","confirm":"90d98967-321b-4c4c-a77b-a609ea875bbc","ts":"2026-05-02T20:14:14.308-04:00","source":{"id":"0","name":"eventBus"}}
{"__type":"$$EventMessageNode","id":"f6b89301-97df-467a-980b-d918dd5e2dbd","ts":"2026-05-02T20:14:14.308-04:00","eventName":"n8n.node.started","message":"n8n.node.started","payload":{"workflowId":"WH2GL8ExBSOWYzMP","workflowName":"My workflow","executionId":"18","nodeType":"n8n-nodes-base.googleSheets","nodeName":"Get row(s) in sheet","nodeId":"3c08714e-3099-4068-9527-2d9871f71073"}}
{"__type":"$$EventMessageConfirm","confirm":"f6b89301-97df-467a-980b-d918dd5e2dbd","ts":"2026-05-02T20:14:14.308-04:00","source":{"id":"0","name":"eventBus"}}
{"__type":"$$EventMessageNode","id":"ebc57a66-245b-4ba1-a6af-d8916ced8e03","ts":"2026-05-02T20:14:14.626-04:00","eventName":"n8n.node.finished","message":"n8n.node.finished","payload":{"workflowId":"WH2GL8ExBSOWYzMP","workflowName":"My workflow","executionId":"18","nodeType":"n8n-nodes-base.googleSheets","nodeName":"Get row(s) in sheet","nodeId":"3c08714e-3099-4068-9527-2d9871f71073"}}
{"__type":"$$EventMessageConfirm","confirm":"ebc57a66-245b-4ba1-a6af-d8916ced8e03","ts":"2026-05-02T20:14:14.626-04:00","source":{"id":"0","name":"eventBus"}}
{"__type":"$$EventMessageNode","id":"ccdcfed3-be60-4d2a-8e2c-a157367726b0","ts":"2026-05-02T20:14:14.626-04:00","eventName":"n8n.node.started","message":"n8n.node.started","payload":{"workflowId":"WH2GL8ExBSOWYzMP","workflowName":"My workflow","executionId":"18","nodeType":"n8n-nodes-base.gmail","nodeName":"Send a message","nodeId":"85450820-5b00-4699-bca3-84839a75101f"}}
{"__type":"$$EventMessageConfirm","confirm":"ccdcfed3-be60-4d2a-8e2c-a157367726b0","ts":"2026-05-02T20:14:14.627-04:00","source":{"id":"0","name":"eventBus"}}
{"__type":"$$EventMessageNode","id":"53f0f789-9eb1-4eb1-ac48-a527fc8d3457","ts":"2026-05-02T20:14:14.953-04:00","eventName":"n8n.node.finished","message":"n8n.node.finished","payload":{"workflowId":"WH2GL8ExBSOWYzMP","workflowName":"My workflow","executionId":"18","nodeType":"n8n-nodes-base.gmail","nodeName":"Send a message","nodeId":"85450820-5b00-4699-bca3-84839a75101f"}}
{"__type":"$$EventMessageConfirm","confirm":"53f0f789-9eb1-4eb1-ac48-a527fc8d3457","ts":"2026-05-02T20:14:14.953-04:00","source":{"id":"0","name":"eventBus"}}
{"__type":"$$EventMessageWorkflow","id":"59f74527-f534-4aaa-be5a-c0188b0500ae","ts":"2026-05-02T20:14:14.954-04:00","eventName":"n8n.workflow.success","message":"n8n.workflow.success","payload":{"userId":"8759ff25-d76b-4b0e-93b3-3d9d283d6775","executionId":"18","success":true,"isManual":true,"mode":"manual","workflowId":"WH2GL8ExBSOWYzMP","workflowName":"My workflow"}}
{"__type":"$$EventMessageConfirm","confirm":"59f74527-f534-4aaa-be5a-c0188b0500ae","ts":"2026-05-02T20:14:14.954-04:00","source":{"id":"0","name":"eventBus"}}
{"__type":"$$EventMessageAudit","id":"7326ceea-ea07-4a13-b753-7a64bbbe925d","ts":"2026-05-02T20:14:57.112-04:00","eventName":"n8n.audit.workflow.deactivated","message":"n8n.audit.workflow.deactivated","payload":{"userId":"8759ff25-d76b-4b0e-93b3-3d9d283d6775","_email":"benluong1802@gmail.com","_firstName":"Ben","_lastName":"Luong","globalRole":"global:owner","workflowId":"WH2GL8ExBSOWYzMP","workflowName":"My workflow","deactivatedVersionId":"592659f2-1449-4876-9c74-e245ae79537c"}}
{"__type":"$$EventMessageConfirm","confirm":"7326ceea-ea07-4a13-b753-7a64bbbe925d","ts":"2026-05-02T20:14:57.112-04:00","source":{"id":"0","name":"eventBus"}}
{"__type":"$$EventMessageAudit","id":"205a9275-407b-4db6-a3da-3643c60daded","ts":"2026-05-02T20:14:57.359-04:00","eventName":"n8n.audit.workflow.activated","message":"n8n.audit.workflow.activated","payload":{"userId":"8759ff25-d76b-4b0e-93b3-3d9d283d6775","_email":"benluong1802@gmail.com","_firstName":"Ben","_lastName":"Luong","globalRole":"global:owner","workflowId":"WH2GL8ExBSOWYzMP","workflowName":"My workflow","activeVersionId":"6b759071-f589-49c7-9225-111a47c7554f"}}
{"__type":"$$EventMessageConfirm","confirm":"205a9275-407b-4db6-a3da-3643c60daded","ts":"2026-05-02T20:14:57.359-04:00","source":{"id":"0","name":"eventBus"}}
{"__type":"$$EventMessageAudit","id":"63bb8fa6-c1b4-48a9-8410-e78f909a68c4","ts":"2026-05-02T20:15:03.179-04:00","eventName":"n8n.audit.workflow.executed","message":"n8n.audit.workflow.executed","payload":{"userId":"8759ff25-d76b-4b0e-93b3-3d9d283d6775","_email":"benluong1802@gmail.com","_firstName":"Ben","_lastName":"Luong","globalRole":"global:owner","workflowId":"WH2GL8ExBSOWYzMP","workflowName":"My workflow","executionId":"19","source":"user-manual"}}
{"__type":"$$EventMessageConfirm","confirm":"63bb8fa6-c1b4-48a9-8410-e78f909a68c4","ts":"2026-05-02T20:15:03.179-04:00","source":{"id":"0","name":"eventBus"}}
{"__type":"$$EventMessageWorkflow","id":"88e5941d-a78b-4eb4-9371-657875085744","ts":"2026-05-02T20:15:03.179-04:00","eventName":"n8n.workflow.started","message":"n8n.workflow.started","payload":{"executionId":"19","workflowId":"WH2GL8ExBSOWYzMP","isManual":false,"mode":"manual","workflowName":"My workflow"}}
{"__type":"$$EventMessageConfirm","confirm":"88e5941d-a78b-4eb4-9371-657875085744","ts":"2026-05-02T20:15:03.179-04:00","source":{"id":"0","name":"eventBus"}}
{"__type":"$$EventMessageNode","id":"521da4ee-1414-47bf-8495-1e83674cd9d6","ts":"2026-05-02T20:15:03.195-04:00","eventName":"n8n.node.started","message":"n8n.node.started","payload":{"workflowId":"WH2GL8ExBSOWYzMP","workflowName":"My workflow","executionId":"19","nodeType":"n8n-nodes-base.googleDriveTrigger","nodeName":"Google Drive Trigger","nodeId":"12f3c977-afcb-4569-86bf-9990305aaf7b"}}
{"__type":"$$EventMessageConfirm","confirm":"521da4ee-1414-47bf-8495-1e83674cd9d6","ts":"2026-05-02T20:15:03.195-04:00","source":{"id":"0","name":"eventBus"}}
{"__type":"$$EventMessageNode","id":"9bb5e4fd-5543-41d0-81ad-482ca004e443","ts":"2026-05-02T20:15:03.448-04:00","eventName":"n8n.node.finished","message":"n8n.node.finished","payload":{"workflowId":"WH2GL8ExBSOWYzMP","workflowName":"My workflow","executionId":"19","nodeType":"n8n-nodes-base.googleDriveTrigger","nodeName":"Google Drive Trigger","nodeId":"12f3c977-afcb-4569-86bf-9990305aaf7b"}}
{"__type":"$$EventMessageConfirm","confirm":"9bb5e4fd-5543-41d0-81ad-482ca004e443","ts":"2026-05-02T20:15:03.448-04:00","source":{"id":"0","name":"eventBus"}}
{"__type":"$$EventMessageWorkflow","id":"a73747cc-1b04-4d86-8f27-06f82304269c","ts":"2026-05-02T20:15:03.450-04:00","eventName":"n8n.workflow.success","message":"n8n.workflow.success","payload":{"userId":"8759ff25-d76b-4b0e-93b3-3d9d283d6775","executionId":"19","success":true,"isManual":true,"mode":"manual","workflowId":"WH2GL8ExBSOWYzMP","workflowName":"My workflow"}}
{"__type":"$$EventMessageConfirm","confirm":"a73747cc-1b04-4d86-8f27-06f82304269c","ts":"2026-05-02T20:15:03.450-04:00","source":{"id":"0","name":"eventBus"}}
{"__type":"$$EventMessageAudit","id":"a867dd65-037a-4c31-99ef-67ab86cf1484","ts":"2026-05-02T20:15:15.484-04:00","eventName":"n8n.audit.workflow.executed","message":"n8n.audit.workflow.executed","payload":{"userId":"8759ff25-d76b-4b0e-93b3-3d9d283d6775","_email":"benluong1802@gmail.com","_firstName":"Ben","_lastName":"Luong","globalRole":"global:owner","workflowId":"WH2GL8ExBSOWYzMP","workflowName":"My workflow","executionId":"20","source":"user-manual"}}
{"__type":"$$EventMessageConfirm","confirm":"a867dd65-037a-4c31-99ef-67ab86cf1484","ts":"2026-05-02T20:15:15.485-04:00","source":{"id":"0","name":"eventBus"}}
{"__type":"$$EventMessageWorkflow","id":"b72bd0b4-3414-45e5-a31a-477cd4dc3b41","ts":"2026-05-02T20:15:15.485-04:00","eventName":"n8n.workflow.started","message":"n8n.workflow.started","payload":{"executionId":"20","workflowId":"WH2GL8ExBSOWYzMP","isManual":false,"mode":"manual","workflowName":"My workflow"}}
{"__type":"$$EventMessageConfirm","confirm":"b72bd0b4-3414-45e5-a31a-477cd4dc3b41","ts":"2026-05-02T20:15:15.485-04:00","source":{"id":"0","name":"eventBus"}}
{"__type":"$$EventMessageNode","id":"d44934bb-f2d6-4c96-9ef9-42b7e836490c","ts":"2026-05-02T20:15:15.494-04:00","eventName":"n8n.node.started","message":"n8n.node.started","payload":{"workflowId":"WH2GL8ExBSOWYzMP","workflowName":"My workflow","executionId":"20","nodeType":"n8n-nodes-base.googleDriveTrigger","nodeName":"Google Drive Trigger","nodeId":"12f3c977-afcb-4569-86bf-9990305aaf7b"}}
{"__type":"$$EventMessageConfirm","confirm":"d44934bb-f2d6-4c96-9ef9-42b7e836490c","ts":"2026-05-02T20:15:15.494-04:00","source":{"id":"0","name":"eventBus"}}
{"__type":"$$EventMessageNode","id":"fb92426a-7744-4478-a020-44c777b671ea","ts":"2026-05-02T20:15:15.728-04:00","eventName":"n8n.node.finished","message":"n8n.node.finished","payload":{"workflowId":"WH2GL8ExBSOWYzMP","workflowName":"My workflow","executionId":"20","nodeType":"n8n-nodes-base.googleDriveTrigger","nodeName":"Google Drive Trigger","nodeId":"12f3c977-afcb-4569-86bf-9990305aaf7b"}}
{"__type":"$$EventMessageConfirm","confirm":"fb92426a-7744-4478-a020-44c777b671ea","ts":"2026-05-02T20:15:15.728-04:00","source":{"id":"0","name":"eventBus"}}
{"__type":"$$EventMessageNode","id":"b5d8f69c-6196-4b4d-949b-3d8d53f86426","ts":"2026-05-02T20:15:15.728-04:00","eventName":"n8n.node.started","message":"n8n.node.started","payload":{"workflowId":"WH2GL8ExBSOWYzMP","workflowName":"My workflow","executionId":"20","nodeType":"n8n-nodes-base.googleDrive","nodeName":"Download file","nodeId":"bb1763ec-f4b5-4c7e-8484-967df163479c"}}
{"__type":"$$EventMessageConfirm","confirm":"b5d8f69c-6196-4b4d-949b-3d8d53f86426","ts":"2026-05-02T20:15:15.728-04:00","source":{"id":"0","name":"eventBus"}}
{"__type":"$$EventMessageNode","id":"9fa28d53-13b2-4006-8ff7-68c5d420f03e","ts":"2026-05-02T20:15:16.380-04:00","eventName":"n8n.node.finished","message":"n8n.node.finished","payload":{"workflowId":"WH2GL8ExBSOWYzMP","workflowName":"My workflow","executionId":"20","nodeType":"n8n-nodes-base.googleDrive","nodeName":"Download file","nodeId":"bb1763ec-f4b5-4c7e-8484-967df163479c"}}
{"__type":"$$EventMessageConfirm","confirm":"9fa28d53-13b2-4006-8ff7-68c5d420f03e","ts":"2026-05-02T20:15:16.380-04:00","source":{"id":"0","name":"eventBus"}}
{"__type":"$$EventMessageNode","id":"3f1513be-72a8-484b-96b4-049277d32ddc","ts":"2026-05-02T20:15:16.381-04:00","eventName":"n8n.node.started","message":"n8n.node.started","payload":{"workflowId":"WH2GL8ExBSOWYzMP","workflowName":"My workflow","executionId":"20","nodeType":"n8n-nodes-base.httpRequest","nodeName":"HTTP Request","nodeId":"88d1259b-9996-49d2-b664-a7c00f189826"}}
{"__type":"$$EventMessageConfirm","confirm":"3f1513be-72a8-484b-96b4-049277d32ddc","ts":"2026-05-02T20:15:16.381-04:00","source":{"id":"0","name":"eventBus"}}
{"__type":"$$EventMessageNode","id":"d4c7c336-5f16-4bfe-b189-599800ac9206","ts":"2026-05-02T20:15:17.223-04:00","eventName":"n8n.node.finished","message":"n8n.node.finished","payload":{"workflowId":"WH2GL8ExBSOWYzMP","workflowName":"My workflow","executionId":"20","nodeType":"n8n-nodes-base.httpRequest","nodeName":"HTTP Request","nodeId":"88d1259b-9996-49d2-b664-a7c00f189826"}}
{"__type":"$$EventMessageConfirm","confirm":"d4c7c336-5f16-4bfe-b189-599800ac9206","ts":"2026-05-02T20:15:17.223-04:00","source":{"id":"0","name":"eventBus"}}
{"__type":"$$EventMessageNode","id":"89102fd6-f65b-45a9-8ece-64d43ccbd3cf","ts":"2026-05-02T20:15:17.224-04:00","eventName":"n8n.node.started","message":"n8n.node.started","payload":{"workflowId":"WH2GL8ExBSOWYzMP","workflowName":"My workflow","executionId":"20","nodeType":"n8n-nodes-base.googleSheets","nodeName":"Get row(s) in sheet","nodeId":"3c08714e-3099-4068-9527-2d9871f71073"}}
{"__type":"$$EventMessageConfirm","confirm":"89102fd6-f65b-45a9-8ece-64d43ccbd3cf","ts":"2026-05-02T20:15:17.224-04:00","source":{"id":"0","name":"eventBus"}}
{"__type":"$$EventMessageNode","id":"74705a12-0c24-44b8-a1fa-d33343f52c75","ts":"2026-05-02T20:15:17.749-04:00","eventName":"n8n.node.finished","message":"n8n.node.finished","payload":{"workflowId":"WH2GL8ExBSOWYzMP","workflowName":"My workflow","executionId":"20","nodeType":"n8n-nodes-base.googleSheets","nodeName":"Get row(s) in sheet","nodeId":"3c08714e-3099-4068-9527-2d9871f71073"}}
{"__type":"$$EventMessageConfirm","confirm":"74705a12-0c24-44b8-a1fa-d33343f52c75","ts":"2026-05-02T20:15:17.749-04:00","source":{"id":"0","name":"eventBus"}}
{"__type":"$$EventMessageNode","id":"732c4a11-eb8c-4125-be97-a47282eb40fd","ts":"2026-05-02T20:15:17.749-04:00","eventName":"n8n.node.started","message":"n8n.node.started","payload":{"workflowId":"WH2GL8ExBSOWYzMP","workflowName":"My workflow","executionId":"20","nodeType":"n8n-nodes-base.gmail","nodeName":"Send a message","nodeId":"85450820-5b00-4699-bca3-84839a75101f"}}
{"__type":"$$EventMessageConfirm","confirm":"732c4a11-eb8c-4125-be97-a47282eb40fd","ts":"2026-05-02T20:15:17.749-04:00","source":{"id":"0","name":"eventBus"}}
{"__type":"$$EventMessageNode","id":"b91a6e88-2180-468f-9bb0-0f2a5cb7858d","ts":"2026-05-02T20:15:18.056-04:00","eventName":"n8n.node.finished","message":"n8n.node.finished","payload":{"workflowId":"WH2GL8ExBSOWYzMP","workflowName":"My workflow","executionId":"20","nodeType":"n8n-nodes-base.gmail","nodeName":"Send a message","nodeId":"85450820-5b00-4699-bca3-84839a75101f"}}
{"__type":"$$EventMessageConfirm","confirm":"b91a6e88-2180-468f-9bb0-0f2a5cb7858d","ts":"2026-05-02T20:15:18.056-04:00","source":{"id":"0","name":"eventBus"}}
{"__type":"$$EventMessageWorkflow","id":"6a9e8dd5-21c3-4cf6-88d6-9e2a1ae5b849","ts":"2026-05-02T20:15:18.057-04:00","eventName":"n8n.workflow.success","message":"n8n.workflow.success","payload":{"userId":"8759ff25-d76b-4b0e-93b3-3d9d283d6775","executionId":"20","success":true,"isManual":true,"mode":"manual","workflowId":"WH2GL8ExBSOWYzMP","workflowName":"My workflow"}}
{"__type":"$$EventMessageConfirm","confirm":"6a9e8dd5-21c3-4cf6-88d6-9e2a1ae5b849","ts":"2026-05-02T20:15:18.057-04:00","source":{"id":"0","name":"eventBus"}}
{"__type":"$$EventMessageWorkflow","id":"6fbe6605-f51f-4dc5-9f42-055d896c5f62","ts":"2026-05-02T20:15:52.281-04:00","eventName":"n8n.workflow.started","message":"n8n.workflow.started","payload":{"executionId":"21","workflowId":"WH2GL8ExBSOWYzMP","isManual":false,"mode":"trigger","workflowName":"My workflow"}}
{"__type":"$$EventMessageConfirm","confirm":"6fbe6605-f51f-4dc5-9f42-055d896c5f62","ts":"2026-05-02T20:15:52.281-04:00","source":{"id":"0","name":"eventBus"}}
{"__type":"$$EventMessageNode","id":"18ecd60c-c075-40c1-9f69-d3da2e2346ec","ts":"2026-05-02T20:15:52.281-04:00","eventName":"n8n.node.started","message":"n8n.node.started","payload":{"workflowId":"WH2GL8ExBSOWYzMP","workflowName":"My workflow","executionId":"21","nodeType":"n8n-nodes-base.googleDriveTrigger","nodeName":"Google Drive Trigger","nodeId":"12f3c977-afcb-4569-86bf-9990305aaf7b"}}
{"__type":"$$EventMessageConfirm","confirm":"18ecd60c-c075-40c1-9f69-d3da2e2346ec","ts":"2026-05-02T20:15:52.281-04:00","source":{"id":"0","name":"eventBus"}}
{"__type":"$$EventMessageNode","id":"6e291175-0e72-4272-ae9d-b972f92c293d","ts":"2026-05-02T20:15:52.281-04:00","eventName":"n8n.node.finished","message":"n8n.node.finished","payload":{"workflowId":"WH2GL8ExBSOWYzMP","workflowName":"My workflow","executionId":"21","nodeType":"n8n-nodes-base.googleDriveTrigger","nodeName":"Google Drive Trigger","nodeId":"12f3c977-afcb-4569-86bf-9990305aaf7b"}}
{"__type":"$$EventMessageConfirm","confirm":"6e291175-0e72-4272-ae9d-b972f92c293d","ts":"2026-05-02T20:15:52.281-04:00","source":{"id":"0","name":"eventBus"}}
{"__type":"$$EventMessageNode","id":"89d7676f-f52b-465f-b484-71315e662c21","ts":"2026-05-02T20:15:52.282-04:00","eventName":"n8n.node.started","message":"n8n.node.started","payload":{"workflowId":"WH2GL8ExBSOWYzMP","workflowName":"My workflow","executionId":"21","nodeType":"n8n-nodes-base.googleDrive","nodeName":"Download file","nodeId":"bb1763ec-f4b5-4c7e-8484-967df163479c"}}
{"__type":"$$EventMessageConfirm","confirm":"89d7676f-f52b-465f-b484-71315e662c21","ts":"2026-05-02T20:15:52.282-04:00","source":{"id":"0","name":"eventBus"}}
{"__type":"$$EventMessageNode","id":"ff595014-7ca7-4a3b-ad21-164bd34cdcea","ts":"2026-05-02T20:15:52.905-04:00","eventName":"n8n.node.finished","message":"n8n.node.finished","payload":{"workflowId":"WH2GL8ExBSOWYzMP","workflowName":"My workflow","executionId":"21","nodeType":"n8n-nodes-base.googleDrive","nodeName":"Download file","nodeId":"bb1763ec-f4b5-4c7e-8484-967df163479c"}}
{"__type":"$$EventMessageConfirm","confirm":"ff595014-7ca7-4a3b-ad21-164bd34cdcea","ts":"2026-05-02T20:15:52.905-04:00","source":{"id":"0","name":"eventBus"}}
{"__type":"$$EventMessageNode","id":"d78f968e-a6cd-4564-9967-261a98a3eb64","ts":"2026-05-02T20:15:52.905-04:00","eventName":"n8n.node.started","message":"n8n.node.started","payload":{"workflowId":"WH2GL8ExBSOWYzMP","workflowName":"My workflow","executionId":"21","nodeType":"n8n-nodes-base.httpRequest","nodeName":"HTTP Request","nodeId":"88d1259b-9996-49d2-b664-a7c00f189826"}}
{"__type":"$$EventMessageConfirm","confirm":"d78f968e-a6cd-4564-9967-261a98a3eb64","ts":"2026-05-02T20:15:52.906-04:00","source":{"id":"0","name":"eventBus"}}
{"__type":"$$EventMessageNode","id":"c853b971-2ed9-419e-b15e-d340c401bcb0","ts":"2026-05-02T20:15:53.833-04:00","eventName":"n8n.node.finished","message":"n8n.node.finished","payload":{"workflowId":"WH2GL8ExBSOWYzMP","workflowName":"My workflow","executionId":"21","nodeType":"n8n-nodes-base.httpRequest","nodeName":"HTTP Request","nodeId":"88d1259b-9996-49d2-b664-a7c00f189826"}}
{"__type":"$$EventMessageConfirm","confirm":"c853b971-2ed9-419e-b15e-d340c401bcb0","ts":"2026-05-02T20:15:53.833-04:00","source":{"id":"0","name":"eventBus"}}
{"__type":"$$EventMessageNode","id":"1de53046-8e29-4586-808e-d602ef6b59f6","ts":"2026-05-02T20:15:53.833-04:00","eventName":"n8n.node.started","message":"n8n.node.started","payload":{"workflowId":"WH2GL8ExBSOWYzMP","workflowName":"My workflow","executionId":"21","nodeType":"n8n-nodes-base.googleSheets","nodeName":"Get row(s) in sheet","nodeId":"3c08714e-3099-4068-9527-2d9871f71073"}}
{"__type":"$$EventMessageConfirm","confirm":"1de53046-8e29-4586-808e-d602ef6b59f6","ts":"2026-05-02T20:15:53.833-04:00","source":{"id":"0","name":"eventBus"}}
{"__type":"$$EventMessageNode","id":"34d069c8-8376-4000-bff6-3d3871f58825","ts":"2026-05-02T20:15:54.191-04:00","eventName":"n8n.node.finished","message":"n8n.node.finished","payload":{"workflowId":"WH2GL8ExBSOWYzMP","workflowName":"My workflow","executionId":"21","nodeType":"n8n-nodes-base.googleSheets","nodeName":"Get row(s) in sheet","nodeId":"3c08714e-3099-4068-9527-2d9871f71073"}}
{"__type":"$$EventMessageConfirm","confirm":"34d069c8-8376-4000-bff6-3d3871f58825","ts":"2026-05-02T20:15:54.191-04:00","source":{"id":"0","name":"eventBus"}}
{"__type":"$$EventMessageNode","id":"c73f2737-a06f-48c6-b564-67e7fa7ab34b","ts":"2026-05-02T20:15:54.191-04:00","eventName":"n8n.node.started","message":"n8n.node.started","payload":{"workflowId":"WH2GL8ExBSOWYzMP","workflowName":"My workflow","executionId":"21","nodeType":"n8n-nodes-base.gmail","nodeName":"Send a message","nodeId":"85450820-5b00-4699-bca3-84839a75101f"}}
{"__type":"$$EventMessageConfirm","confirm":"c73f2737-a06f-48c6-b564-67e7fa7ab34b","ts":"2026-05-02T20:15:54.191-04:00","source":{"id":"0","name":"eventBus"}}
{"__type":"$$EventMessageNode","id":"0273b3c8-6981-4055-812c-5dba5dc1bd49","ts":"2026-05-02T20:15:54.518-04:00","eventName":"n8n.node.finished","message":"n8n.node.finished","payload":{"workflowId":"WH2GL8ExBSOWYzMP","workflowName":"My workflow","executionId":"21","nodeType":"n8n-nodes-base.gmail","nodeName":"Send a message","nodeId":"85450820-5b00-4699-bca3-84839a75101f"}}
{"__type":"$$EventMessageConfirm","confirm":"0273b3c8-6981-4055-812c-5dba5dc1bd49","ts":"2026-05-02T20:15:54.518-04:00","source":{"id":"0","name":"eventBus"}}
{"__type":"$$EventMessageWorkflow","id":"4e28c425-cf27-417e-8999-c4caac313493","ts":"2026-05-02T20:15:54.519-04:00","eventName":"n8n.workflow.success","message":"n8n.workflow.success","payload":{"executionId":"21","success":true,"isManual":false,"mode":"trigger","workflowId":"WH2GL8ExBSOWYzMP","workflowName":"My workflow"}}
{"__type":"$$EventMessageConfirm","confirm":"4e28c425-cf27-417e-8999-c4caac313493","ts":"2026-05-02T20:15:54.519-04:00","source":{"id":"0","name":"eventBus"}}
{"__type":"$$EventMessageAudit","id":"b7f910d8-e01f-45c8-b068-7d3e442e7e9c","ts":"2026-05-02T20:17:40.504-04:00","eventName":"n8n.audit.workflow.updated","message":"n8n.audit.workflow.updated","payload":{"userId":"8759ff25-d76b-4b0e-93b3-3d9d283d6775","_email":"benluong1802@gmail.com","_firstName":"Ben","_lastName":"Luong","globalRole":"global:owner","workflowId":"WH2GL8ExBSOWYzMP","workflowName":"My workflow"}}
{"__type":"$$EventMessageConfirm","confirm":"b7f910d8-e01f-45c8-b068-7d3e442e7e9c","ts":"2026-05-02T20:17:40.505-04:00","source":{"id":"0","name":"eventBus"}}
{"__type":"$$EventMessageAudit","id":"b24cad28-60ff-4b8d-bdd6-91d2eaa45bb0","ts":"2026-05-02T20:17:42.522-04:00","eventName":"n8n.audit.workflow.updated","message":"n8n.audit.workflow.updated","payload":{"userId":"8759ff25-d76b-4b0e-93b3-3d9d283d6775","_email":"benluong1802@gmail.com","_firstName":"Ben","_lastName":"Luong","globalRole":"global:owner","workflowId":"WH2GL8ExBSOWYzMP","workflowName":"My workflow"}}
{"__type":"$$EventMessageConfirm","confirm":"b24cad28-60ff-4b8d-bdd6-91d2eaa45bb0","ts":"2026-05-02T20:17:42.522-04:00","source":{"id":"0","name":"eventBus"}}
{"__type":"$$EventMessageAudit","id":"4508dd40-5e04-4804-ba44-af656c33d0c9","ts":"2026-05-02T20:17:45.481-04:00","eventName":"n8n.audit.workflow.updated","message":"n8n.audit.workflow.updated","payload":{"userId":"8759ff25-d76b-4b0e-93b3-3d9d283d6775","_email":"benluong1802@gmail.com","_firstName":"Ben","_lastName":"Luong","globalRole":"global:owner","workflowId":"WH2GL8ExBSOWYzMP","workflowName":"My workflow"}}
{"__type":"$$EventMessageConfirm","confirm":"4508dd40-5e04-4804-ba44-af656c33d0c9","ts":"2026-05-02T20:17:45.481-04:00","source":{"id":"0","name":"eventBus"}}
{"__type":"$$EventMessageAudit","id":"d7eeb62e-f503-4d87-bdf7-4c4a1b3218e8","ts":"2026-05-02T20:17:47.179-04:00","eventName":"n8n.audit.workflow.updated","message":"n8n.audit.workflow.updated","payload":{"userId":"8759ff25-d76b-4b0e-93b3-3d9d283d6775","_email":"benluong1802@gmail.com","_firstName":"Ben","_lastName":"Luong","globalRole":"global:owner","workflowId":"WH2GL8ExBSOWYzMP","workflowName":"My workflow"}}
{"__type":"$$EventMessageConfirm","confirm":"d7eeb62e-f503-4d87-bdf7-4c4a1b3218e8","ts":"2026-05-02T20:17:47.180-04:00","source":{"id":"0","name":"eventBus"}}
{"__type":"$$EventMessageAudit","id":"6a641146-ab2c-4ea9-b014-b7f89bc11f64","ts":"2026-05-02T20:17:49.169-04:00","eventName":"n8n.audit.workflow.updated","message":"n8n.audit.workflow.updated","payload":{"userId":"8759ff25-d76b-4b0e-93b3-3d9d283d6775","_email":"benluong1802@gmail.com","_firstName":"Ben","_lastName":"Luong","globalRole":"global:owner","workflowId":"WH2GL8ExBSOWYzMP","workflowName":"My workflow"}}
{"__type":"$$EventMessageConfirm","confirm":"6a641146-ab2c-4ea9-b014-b7f89bc11f64","ts":"2026-05-02T20:17:49.169-04:00","source":{"id":"0","name":"eventBus"}}
{"__type":"$$EventMessageAudit","id":"a9809b64-6dd5-416f-98e2-cfb4c880816d","ts":"2026-05-02T20:17:52.961-04:00","eventName":"n8n.audit.workflow.updated","message":"n8n.audit.workflow.updated","payload":{"userId":"8759ff25-d76b-4b0e-93b3-3d9d283d6775","_email":"benluong1802@gmail.com","_firstName":"Ben","_lastName":"Luong","globalRole":"global:owner","workflowId":"WH2GL8ExBSOWYzMP","workflowName":"My workflow"}}
{"__type":"$$EventMessageConfirm","confirm":"a9809b64-6dd5-416f-98e2-cfb4c880816d","ts":"2026-05-02T20:17:52.962-04:00","source":{"id":"0","name":"eventBus"}}
{"__type":"$$EventMessageAudit","id":"ee057e0b-f252-4aa8-af6f-a59ff3f9fa0d","ts":"2026-05-02T20:18:03.443-04:00","eventName":"n8n.audit.workflow.updated","message":"n8n.audit.workflow.updated","payload":{"userId":"8759ff25-d76b-4b0e-93b3-3d9d283d6775","_email":"benluong1802@gmail.com","_firstName":"Ben","_lastName":"Luong","globalRole":"global:owner","workflowId":"WH2GL8ExBSOWYzMP","workflowName":"My workflow"}}
{"__type":"$$EventMessageConfirm","confirm":"ee057e0b-f252-4aa8-af6f-a59ff3f9fa0d","ts":"2026-05-02T20:18:03.443-04:00","source":{"id":"0","name":"eventBus"}}
{"__type":"$$EventMessageAudit","id":"86505f72-256f-4b44-9e94-139f1133bee4","ts":"2026-05-02T20:18:07.528-04:00","eventName":"n8n.audit.workflow.updated","message":"n8n.audit.workflow.updated","payload":{"userId":"8759ff25-d76b-4b0e-93b3-3d9d283d6775","_email":"benluong1802@gmail.com","_firstName":"Ben","_lastName":"Luong","globalRole":"global:owner","workflowId":"WH2GL8ExBSOWYzMP","workflowName":"My workflow"}}
{"__type":"$$EventMessageConfirm","confirm":"86505f72-256f-4b44-9e94-139f1133bee4","ts":"2026-05-02T20:18:07.528-04:00","source":{"id":"0","name":"eventBus"}}
{"__type":"$$EventMessageAudit","id":"5fccbf8c-b744-4152-ab54-beb62a4ef796","ts":"2026-05-02T20:18:12.584-04:00","eventName":"n8n.audit.workflow.deactivated","message":"n8n.audit.workflow.deactivated","payload":{"userId":"8759ff25-d76b-4b0e-93b3-3d9d283d6775","_email":"benluong1802@gmail.com","_firstName":"Ben","_lastName":"Luong","globalRole":"global:owner","workflowId":"WH2GL8ExBSOWYzMP","workflowName":"My workflow","deactivatedVersionId":"6b759071-f589-49c7-9225-111a47c7554f"}}
{"__type":"$$EventMessageConfirm","confirm":"5fccbf8c-b744-4152-ab54-beb62a4ef796","ts":"2026-05-02T20:18:12.584-04:00","source":{"id":"0","name":"eventBus"}}
{"__type":"$$EventMessageAudit","id":"0311632c-a0ed-4677-b481-3d932f83ea76","ts":"2026-05-02T20:18:12.839-04:00","eventName":"n8n.audit.workflow.activated","message":"n8n.audit.workflow.activated","payload":{"userId":"8759ff25-d76b-4b0e-93b3-3d9d283d6775","_email":"benluong1802@gmail.com","_firstName":"Ben","_lastName":"Luong","globalRole":"global:owner","workflowId":"WH2GL8ExBSOWYzMP","workflowName":"My workflow","activeVersionId":"70ae9323-4639-409a-b6a9-083eff1c3ad2"}}
{"__type":"$$EventMessageConfirm","confirm":"0311632c-a0ed-4677-b481-3d932f83ea76","ts":"2026-05-02T20:18:12.839-04:00","source":{"id":"0","name":"eventBus"}}
{"__type":"$$EventMessageAudit","id":"f867410c-a6bf-413b-b1a4-44d115d93e55","ts":"2026-05-02T20:18:23.696-04:00","eventName":"n8n.audit.workflow.executed","message":"n8n.audit.workflow.executed","payload":{"userId":"8759ff25-d76b-4b0e-93b3-3d9d283d6775","_email":"benluong1802@gmail.com","_firstName":"Ben","_lastName":"Luong","globalRole":"global:owner","workflowId":"WH2GL8ExBSOWYzMP","workflowName":"My workflow","executionId":"22","source":"user-manual"}}
{"__type":"$$EventMessageConfirm","confirm":"f867410c-a6bf-413b-b1a4-44d115d93e55","ts":"2026-05-02T20:18:23.696-04:00","source":{"id":"0","name":"eventBus"}}
{"__type":"$$EventMessageWorkflow","id":"6da8b922-8b1a-4464-8a25-6840cc25caab","ts":"2026-05-02T20:18:23.696-04:00","eventName":"n8n.workflow.started","message":"n8n.workflow.started","payload":{"executionId":"22","workflowId":"WH2GL8ExBSOWYzMP","isManual":false,"mode":"manual","workflowName":"My workflow"}}
{"__type":"$$EventMessageConfirm","confirm":"6da8b922-8b1a-4464-8a25-6840cc25caab","ts":"2026-05-02T20:18:23.696-04:00","source":{"id":"0","name":"eventBus"}}
{"__type":"$$EventMessageNode","id":"b7af892f-d1a9-4dbe-a0b0-95309f3eb5d1","ts":"2026-05-02T20:18:23.709-04:00","eventName":"n8n.node.started","message":"n8n.node.started","payload":{"workflowId":"WH2GL8ExBSOWYzMP","workflowName":"My workflow","executionId":"22","nodeType":"n8n-nodes-base.googleDriveTrigger","nodeName":"Google Drive Trigger","nodeId":"12f3c977-afcb-4569-86bf-9990305aaf7b"}}
{"__type":"$$EventMessageConfirm","confirm":"b7af892f-d1a9-4dbe-a0b0-95309f3eb5d1","ts":"2026-05-02T20:18:23.709-04:00","source":{"id":"0","name":"eventBus"}}
{"__type":"$$EventMessageNode","id":"68fd1d33-3b4d-42e7-b1b5-349f4b8f812c","ts":"2026-05-02T20:18:23.962-04:00","eventName":"n8n.node.finished","message":"n8n.node.finished","payload":{"workflowId":"WH2GL8ExBSOWYzMP","workflowName":"My workflow","executionId":"22","nodeType":"n8n-nodes-base.googleDriveTrigger","nodeName":"Google Drive Trigger","nodeId":"12f3c977-afcb-4569-86bf-9990305aaf7b"}}
{"__type":"$$EventMessageConfirm","confirm":"68fd1d33-3b4d-42e7-b1b5-349f4b8f812c","ts":"2026-05-02T20:18:23.962-04:00","source":{"id":"0","name":"eventBus"}}
{"__type":"$$EventMessageNode","id":"67d39a3b-abe7-4d69-baa3-13f803ccd6f9","ts":"2026-05-02T20:18:23.963-04:00","eventName":"n8n.node.started","message":"n8n.node.started","payload":{"workflowId":"WH2GL8ExBSOWYzMP","workflowName":"My workflow","executionId":"22","nodeType":"n8n-nodes-base.googleDrive","nodeName":"Download file","nodeId":"bb1763ec-f4b5-4c7e-8484-967df163479c"}}
{"__type":"$$EventMessageConfirm","confirm":"67d39a3b-abe7-4d69-baa3-13f803ccd6f9","ts":"2026-05-02T20:18:23.963-04:00","source":{"id":"0","name":"eventBus"}}
{"__type":"$$EventMessageNode","id":"3ed6f0b2-bc4b-4651-90ba-6934dd539bf9","ts":"2026-05-02T20:18:24.596-04:00","eventName":"n8n.node.finished","message":"n8n.node.finished","payload":{"workflowId":"WH2GL8ExBSOWYzMP","workflowName":"My workflow","executionId":"22","nodeType":"n8n-nodes-base.googleDrive","nodeName":"Download file","nodeId":"bb1763ec-f4b5-4c7e-8484-967df163479c"}}
{"__type":"$$EventMessageConfirm","confirm":"3ed6f0b2-bc4b-4651-90ba-6934dd539bf9","ts":"2026-05-02T20:18:24.596-04:00","source":{"id":"0","name":"eventBus"}}
{"__type":"$$EventMessageNode","id":"762ef385-682d-4612-8225-a68fd34f6b1d","ts":"2026-05-02T20:18:24.597-04:00","eventName":"n8n.node.started","message":"n8n.node.started","payload":{"workflowId":"WH2GL8ExBSOWYzMP","workflowName":"My workflow","executionId":"22","nodeType":"n8n-nodes-base.httpRequest","nodeName":"HTTP Request","nodeId":"88d1259b-9996-49d2-b664-a7c00f189826"}}
{"__type":"$$EventMessageConfirm","confirm":"762ef385-682d-4612-8225-a68fd34f6b1d","ts":"2026-05-02T20:18:24.597-04:00","source":{"id":"0","name":"eventBus"}}
{"__type":"$$EventMessageNode","id":"112e44a7-dcd7-4c8a-bbae-a07a1e80abb2","ts":"2026-05-02T20:18:26.040-04:00","eventName":"n8n.node.finished","message":"n8n.node.finished","payload":{"workflowId":"WH2GL8ExBSOWYzMP","workflowName":"My workflow","executionId":"22","nodeType":"n8n-nodes-base.httpRequest","nodeName":"HTTP Request","nodeId":"88d1259b-9996-49d2-b664-a7c00f189826"}}
{"__type":"$$EventMessageConfirm","confirm":"112e44a7-dcd7-4c8a-bbae-a07a1e80abb2","ts":"2026-05-02T20:18:26.041-04:00","source":{"id":"0","name":"eventBus"}}
{"__type":"$$EventMessageNode","id":"4360b1e9-e748-4174-9c01-ec623412bf83","ts":"2026-05-02T20:18:26.041-04:00","eventName":"n8n.node.started","message":"n8n.node.started","payload":{"workflowId":"WH2GL8ExBSOWYzMP","workflowName":"My workflow","executionId":"22","nodeType":"n8n-nodes-base.googleSheets","nodeName":"Get row(s) in sheet","nodeId":"3c08714e-3099-4068-9527-2d9871f71073"}}
{"__type":"$$EventMessageConfirm","confirm":"4360b1e9-e748-4174-9c01-ec623412bf83","ts":"2026-05-02T20:18:26.041-04:00","source":{"id":"0","name":"eventBus"}}
{"__type":"$$EventMessageNode","id":"31364a61-cf91-498a-8cb9-2f162f1b92d0","ts":"2026-05-02T20:18:26.446-04:00","eventName":"n8n.node.finished","message":"n8n.node.finished","payload":{"workflowId":"WH2GL8ExBSOWYzMP","workflowName":"My workflow","executionId":"22","nodeType":"n8n-nodes-base.googleSheets","nodeName":"Get row(s) in sheet","nodeId":"3c08714e-3099-4068-9527-2d9871f71073"}}
{"__type":"$$EventMessageConfirm","confirm":"31364a61-cf91-498a-8cb9-2f162f1b92d0","ts":"2026-05-02T20:18:26.446-04:00","source":{"id":"0","name":"eventBus"}}
{"__type":"$$EventMessageNode","id":"4969183a-c5c1-4fbf-b238-921145f04d59","ts":"2026-05-02T20:18:26.446-04:00","eventName":"n8n.node.started","message":"n8n.node.started","payload":{"workflowId":"WH2GL8ExBSOWYzMP","workflowName":"My workflow","executionId":"22","nodeType":"n8n-nodes-base.gmail","nodeName":"Send a message","nodeId":"85450820-5b00-4699-bca3-84839a75101f"}}
{"__type":"$$EventMessageConfirm","confirm":"4969183a-c5c1-4fbf-b238-921145f04d59","ts":"2026-05-02T20:18:26.446-04:00","source":{"id":"0","name":"eventBus"}}
{"__type":"$$EventMessageNode","id":"8f8fa23e-0759-42e2-941d-299e192a2936","ts":"2026-05-02T20:18:26.783-04:00","eventName":"n8n.node.finished","message":"n8n.node.finished","payload":{"workflowId":"WH2GL8ExBSOWYzMP","workflowName":"My workflow","executionId":"22","nodeType":"n8n-nodes-base.gmail","nodeName":"Send a message","nodeId":"85450820-5b00-4699-bca3-84839a75101f"}}
{"__type":"$$EventMessageConfirm","confirm":"8f8fa23e-0759-42e2-941d-299e192a2936","ts":"2026-05-02T20:18:26.783-04:00","source":{"id":"0","name":"eventBus"}}
{"__type":"$$EventMessageWorkflow","id":"183d84ae-ce95-4074-905d-f56c54c5bf79","ts":"2026-05-02T20:18:26.786-04:00","eventName":"n8n.workflow.success","message":"n8n.workflow.success","payload":{"userId":"8759ff25-d76b-4b0e-93b3-3d9d283d6775","executionId":"22","success":true,"isManual":true,"mode":"manual","workflowId":"WH2GL8ExBSOWYzMP","workflowName":"My workflow"}}
{"__type":"$$EventMessageConfirm","confirm":"183d84ae-ce95-4074-905d-f56c54c5bf79","ts":"2026-05-02T20:18:26.786-04:00","source":{"id":"0","name":"eventBus"}}
